"link"|"title"|"data"
"https://nld.com.vn/gia-ca-phe-hom-nay-8-12-dong-thai-la-cua-khoi-ngoai-196251208071317303.htm"|"D·ª±a tr√™n n·ªôi dung b√†i vi·∫øt sau, h√£y th·ª±c hi·ªán 3 nhi·ªám v·ª• **theo ƒë√∫ng th·ª© t·ª±** v√† **m·ªói nhi·ªám v·ª• ch·ªâ tr·∫£ v·ªÅ 1 gi√° tr·ªã**, kh√¥ng gi·∫£i th√≠ch th√™m, v√† tr·∫£ v·ªÅ duy nh·∫•t **m·ªôt object JSON** theo ƒë·ªãnh d·∫°ng:

{
  ""title"": ""Title t·ªëi ∆∞u SEO"",
  ""slug"": ""Slug chu·∫©n SEO"",
  ""focus_keyphrase"": ""Focus keyphrase t·ªëi ∆∞u""
}

---

üéØ **[1] T·∫†O TITLE T·ªêI ∆ØU SEO**

S·ª≠ d·ª•ng t·∫•t c·∫£ c√¥ng c·ª• ph√¢n t√≠ch t·ª´ kh√≥a c√≥ th·ªÉ truy c·∫≠p (Google Trends, Google Keyword Planner, KeywordTool.io, Ahrefs, Semrush, Google Analytics n·∫øu c√≥) ƒë·ªÉ ch·ªçn **title t·ªëi ∆∞u** cho b√†i vi·∫øt trong lƒ©nh v·ª±c ph√°p l√Ω / lu·∫≠t Vi·ªát Nam, ph·∫°m vi t√¨m ki·∫øm Vi·ªát Nam, 12 th√°ng g·∫ßn nh·∫•t.

Quy t·∫Øc:
- ∆Øu ti√™n t·ª´ kh√≥a c√≥ search volume >10.000, n·∫øu kh√¥ng c√≥ th√¨ v·∫´n l·∫•y d∆∞·ªõi 10.000.
- Title l√† **c√¢u h·ªèi k·∫øt th√∫c b·∫±ng ?**
- KH√îNG s·ª≠ d·ª•ng d·∫•u hai ch·∫•m ‚Äú:‚Äù.
- KH√îNG vi·∫øt t·∫Øt.
- N·∫øu c·∫ßn thay d·∫•u hai ch·∫•m ‚Üí d√πng t·ª´ n·ªëi.

---

üéØ **[2] T·∫†O SLUG CHU·∫®N SEO**

S·ª≠ d·ª•ng d·ªØ li·ªáu t·ª´ kh√≥a nh∆∞ tr√™n ƒë·ªÉ ch·ªçn **slug chu·∫©n SEO** cho b√†i vi·∫øt.

Quy t·∫Øc:
- Ch·ªØ th∆∞·ªùng.
- Kh√¥ng ch·ª©a /
- Kh√¥ng vi·∫øt t·∫Øt.
- C√°c t·ª´ n·ªëi b·∫±ng d·∫•u ""-"".
- D·ª±a v√†o t·ª´ kh√≥a c√≥ search volume cao nh·∫•t ph√π h·ª£p n·ªôi dung.

---

üéØ **[3] T·∫†O FOCUS KEYPHRASE**

S·ª≠ d·ª•ng c√°c c√¥ng c·ª• ph√¢n t√≠ch t·ª´ kh√≥a t∆∞∆°ng t·ª± ƒë·ªÉ ch·ªçn **focus keyphrase t·ªëi ∆∞u** cho b√†i vi·∫øt.

Quy t·∫Øc:
- D√πng c·ª•m t·ª´ ch√≠nh x√°c, s√°t n·ªôi dung nh·∫•t.
- Kh√¥ng d·∫•u ch·∫•m, kh√¥ng k√Ω t·ª± l·∫°.
- Kh√¥ng vi·∫øt t·∫Øt.
- ∆Øu ti√™n search volume >10.000, n·∫øu kh√¥ng c√≥ th√¨ ch·ªçn t·ª´ li√™n quan nh·∫•t.

---

üìå **Cu·ªëi prompt, ƒë·∫∑t n·ªôi dung b√†i vi·∫øt t·∫°i ƒë√¢y:**

Gi√° c√† ph√™ h√¥m nay 8-12: ƒê·ªông th√°i l·∫° c·ªßa kh·ªëi ngo·∫°i"|"B·∫°n l√† m·ªôt h·ªá th·ªëng x·ª≠ l√Ω n·ªôi dung b√°o ch√≠ v√† t·ªëi ∆∞u SEO cho website tin t·ª©c Vi·ªát Nam.

Nhi·ªám v·ª• c·ªßa b·∫°n: x·ª≠ l√Ω n·ªôi dung b√™n d∆∞·ªõi v√† tr·∫£ v·ªÅ DUY NH·∫§T n·ªôi dung HTML s·∫°ch (kh√¥ng ph·∫£i JSON).

=========================
Y√äU C·∫¶U
=========================

- Gi·ªØ nguy√™n ƒë·∫ßy ƒë·ªß n·ªôi dung b√†i vi·∫øt.
- Ch·ªânh s·ª≠a l·∫°i c·∫•u tr√∫c th·∫ª cho chu·∫©n: <h1>, <h2>, <h3>, <p>, <ul>, <ol>, <li>, <table>.
- L√†m n·ªïi b·∫≠t th√¥ng tin quan tr·ªçng b·∫±ng <strong> ho·∫∑c <em>.
- Lo·∫°i b·ªè to√†n b·ªô k√Ω hi·ªáu * ho·∫∑c **.
- Kh√¥ng s·ª≠ d·ª•ng <blockquote>.
- Gi·ªØ nguy√™n t·∫•t c·∫£ h√¨nh ·∫£nh v√† video.
- Chu·∫©n h√≥a ·∫£nh:
    + Chuy·ªÉn m·ªçi data-src, data-original, lazyload, srcset ‚Üí src th·ª±c.
    + Gi·ªØ nguy√™n alt, title, caption.
- Gi·ªØ iframe/video h·ª£p l·ªá.
- Kh√¥ng th√™m <title>, <meta>, t·ª´ kh√≥a SEO ho·∫∑c li√™n k·∫øt ngo√†i.
- Ch·ªâ t·∫°o HTML n·∫±m trong ph·∫ßn <body>.

=========================
ƒê·∫¶U RA
=========================

Ch·ªâ tr·∫£ v·ªÅ HTML s·∫°ch, KH√îNG JSON, KH√îNG gi·∫£i th√≠ch, KH√îNG markdown, KH√îNG ```.

=========================
N·ªòI DUNG G·ªêC:
=========================

<div class=""detail-content afcbc-body  "" data-role=""content"" itemprop=""articleBody"">
                                                                            <div data-check-position=""body_start""></div>
                                        <div class=""detail-cover"">
                                                                                    </div>
                                        <p>H√¥m nay 8-12, c√°c s√†n giao d·ªãch c√† ph√™ tr√™n th·∫ø gi·ªõi nh∆∞ London ‚Äì Anh, New York ‚Äì M·ªπ s·∫Ω m·ªü c·ª≠a v√†o bu·ªïi chi·ªÅu (gi·ªù Vi·ªát Nam).&nbsp;</p><h3>ƒê·∫ßu tu·∫ßn m·ªõi, gi√° c√† ph√™ ·ªü m·ª©c th·∫•p</h3><!-- bonewsrelation --><div class=""VCSortableInPreviewMode alignRight type-4_preview"" type=""RelatedNewsBox"" data-style=""align-right"" relatednewsboxtype=""type-4""><div class=""kbwscwl-relatedbox type-4 nguoilaodong""><span class=""kbwscwlrl-title-header"">TIN LI√äN QUAN</span><ul class=""kbwscwlr-list""><li class=""kbwscwlrl"" data-date=""07/12/2025 07:08"" data-id=""196251207065228626"" data-avatar=""https://nld.mediacdn.vn/291774122806476800/2025/12/6/gia-ca-phe-hom-nay-71225-1765065018353564239337-210-459-1388-2343-crop-17650650574451572349234.jpg"" data-url=""/gia-ca-phe-hom-nay-7-12-nguoi-viet-uong-ca-phe-con-it-196251207065228626.htm"" data-title=""Gi√° c√† ph√™ h√¥m nay 7-12: Ng∆∞·ªùi Vi·ªát u·ªëng c√† ph√™ c√≤n √≠t""><a target=""_blank"" href=""/gia-ca-phe-hom-nay-7-12-nguoi-viet-uong-ca-phe-con-it-196251207065228626.htm"" class=""kbwscwlrl-thumb-avata""><img src=""https://nld.mediacdn.vn/thumb_w/300/291774122806476800/2025/12/6/gia-ca-phe-hom-nay-71225-1765065018353564239337-210-459-1388-2343-crop-17650650574451572349234.jpg"" alt=""Gi√° c√† ph√™ h√¥m nay 8-12: ƒê·ªông th√°i l·∫° c·ªßa kh·ªëi ngo·∫°i - ·∫¢nh 1."" title="""" loading=""lazy""></a><h4 class=""kbwscwlrl-title""><a target=""_blank"" href=""/gia-ca-phe-hom-nay-7-12-nguoi-viet-uong-ca-phe-con-it-196251207065228626.htm"" class=""title link-callout"">Gi√° c√† ph√™ h√¥m nay 7-12: Ng∆∞·ªùi Vi·ªát u·ªëng c√† ph√™ c√≤n √≠t</a></h4></li></ul></div></div><!-- eonewsrelation --><p>Gi√° Robusta giao th√°ng 1-2026 t·∫°m th·ªùi ·ªü m·ª©c 4.295 USD/t·∫•n; Arabica giao th√°ng 3-2026 ·ªü m·ª©c 8.260 USD/t·∫•n; gi√° n·ªôi ƒë·ªãa 102.800 ƒë·ªìng/kg. </p><p>Th√°ng 12 h·∫±ng nƒÉm l√† th·ªùi ƒëi·ªÉm c√† ph√™ Vi·ªát Nam thu ho·∫°ch r·ªô nh·∫•t, chi·∫øm ƒë·∫øn h∆°n 50% s·∫£n l∆∞·ª£ng c·∫£ nƒÉm n√™n th√¥ng th∆∞·ªùng, gi√° s·∫Ω ·ªü m·ª©c th·∫•p.</p><p>Tr∆∞·ªõc ƒë√¢y, th·ªùi ƒëi·ªÉm n√†y, c√°c doanh nghi·ªáp th∆∞·ªùng mua c√† ph√™ m·∫°nh ƒë·ªÉ d·ª± tr·ªØ v√† b√°n quanh nƒÉm nh∆∞ng hi·ªán t·∫°i do c·∫ßn ngu·ªìn v·ªën l·ªõn, ƒëa s·ªë doanh nghi·ªáp ch·ªçn ph∆∞∆°ng √°n kh·ªõp gi√° theo l√¥ ƒë·ªÉ an to√†n.</p><p>L∆∞·ª£ng c√† ph√™ d·ª± tr·ªØ ph√¢n t√°n trong kho nh·ªè c·ªßa n√¥ng d√¢n.</p><figure class=""VCSortableInPreviewMode"" type=""Photo"" style=""""><div><a href=""https://nld.mediacdn.vn/291774122806476800/2025/12/8/base64-1765152647256140358271.jpeg"" data-fancybox=""img-lightbox"" title=""Gi√° c√† ph√™ gi·∫£m m·∫°nh khi thu ho·∫°ch r·ªô"" target=""_blank"" class=""detail-img-lightbox""><img data-author="""" src=""https://nld.mediacdn.vn/thumb_w/698/291774122806476800/2025/12/8/base64-1765152647256140358271.jpeg"" id=""img_194241228011491328"" w=""2560"" h=""1441"" alt=""Gi√° c√† ph√™ h√¥m nay 8-12: ƒê·ªông th√°i l·∫° c·ªßa kh·ªëi ngo·∫°i - ·∫¢nh 1."" title="""" rel=""lightbox"" photoid=""194241228011491328"" data-original=""https://nld.mediacdn.vn/291774122806476800/2025/12/8/base64-1765152647256140358271.jpeg"" type=""photo"" style=""max-width:100%;"" width=""2560"" height=""1441"" loading=""lazy"" class=""lightbox-content""></a></div><figcaption class=""PhotoCMS_Caption""><p data-placeholder=""Nh·∫≠p ch√∫ th√≠ch ·∫£nh"" class="""">Gi√° c√† ph√™ gi·∫£m m·∫°nh khi thu ho·∫°ch r·ªô</p></figcaption></figure><h3>Kh·ªëi ngo·∫°i √≠t tham gia th·ªã tr∆∞·ªùng</h3><p>Th√¥ng tin t·ª´ Hi·ªáp h·ªôi C√† ph√™ ‚Äì Ca cao Vi·ªát Nam (VICOFA) cho th·∫•y trong th√°ng 11-2025, xu·∫•t kh·∫©u c√† ph√™ ƒë·∫°t kho·∫£ng 88.126 t·∫•n, gi√° tr·ªã 522,1 tri·ªáu USD; tƒÉng 45% v·ªÅ l∆∞·ª£ng v√† tƒÉng 49% v·ªÅ gi√° tr·ªã so v·ªõi c√πng k·ª≥ nƒÉm ngo√°i. </p><p>Ri√™ng kh·ªëi l∆∞·ª£ng Robusta xu·∫•t kh·∫©u ƒë·∫°t 64.237 t·∫•n, tr·ªã gi√° g·∫ßn 310,4 tri·ªáu USD; ƒë∆°n gi√° trung b√¨nh 4.832 USD/t·∫•n.</p><zone id=""lmeadybm""></zone><p>ƒê√°ng ch√∫ √Ω, trong k·ª≥ th·ªëng k√™ n√†y, kh·ªëi ngo·∫°i (c√°c doanh nghi·ªáp c√≥ v·ªën ƒë·∫ßu t∆∞ n∆∞·ªõc ngo√†i) tham gia th·ªã tr∆∞·ªùng xu·∫•t kh·∫©u r·∫•t y·∫øu, ch·ªâ chi·∫øm 16% v·ªÅ kh·ªëi l∆∞·ª£ng, th·∫•p h∆°n nhi·ªÅu so v·ªõi th·ªã ph·∫ßn b√¨nh qu√¢n kho·∫£ng 30% c·ªßa ni√™n v·ª• tr∆∞·ªõc.</p><p>Trong danh s√°ch 10 doanh nghi·ªáp xu·∫•t kh·∫©u c√† ph√™ nh√¢n s·ªëng l·ªõn nh·∫•t th√°ng 11-2025 ch·ªâ c√≥ duy nh·∫•t m·ªôt th∆∞∆°ng hi·ªáu ngo·∫°i l√† Nestl√© Vi·ªát Nam, ·ªü v·ªã tr√≠ th·ª© 9.</p><p>D·∫´n ƒë·∫ßu danh s√°ch xu·∫•t kh·∫©u c√† ph√™ trong th√°ng 11-2025 nhi·ªÅu nh·∫•t l√†: Vƒ©nh Hi·ªáp, Intimex v√† Simexco ƒê·∫Øk L·∫Øk.</p><p>√îng Th√°i Nh∆∞ Hi·ªáp, Ch·ªß t·ªãch HƒêTV Vƒ©nh Hi·ªáp, cho bi·∫øt l∆∞·ª£ng c√† ph√™ xu·∫•t kh·∫©u trong th√°ng 10 v√† 11 v·ª´a qua, ch·ªß y·∫øu l√† h√†ng t·ªìn kho t·ª´ v·ª• tr∆∞·ªõc chuy·ªÉn qua. </p>                 <div class=""VCSortableInPreviewMode"" data-back="""" data-border=""#ffffff"" data-text-color=""#ffffff"" style=""display: block; border-color: rgb(255, 255, 255); color: rgb(255, 255, 255); width: 60%;"" id=""ObjectBoxContent_1765152496216"" type=""content"" w=""60%"">                     <div placeholder=""Nh·∫≠p n·ªôi dung..."" class=""NLPlaceholderShow"">                                                  <p><br></p><figure class=""VCSortableInPreviewMode"" type=""PhotoInContentBox""><div><img data-author="""" src=""https://nld.mediacdn.vn/thumb_w/698/291774122806476800/2025/12/6/logo-napoly-17650648808941489224206.jpg"" id=""img_194057195532857344"" w=""900"" h=""585"" alt=""Gi√° c√† ph√™ h√¥m nay 8-12: ƒê·ªông th√°i l·∫° c·ªßa kh·ªëi ngo·∫°i - ·∫¢nh 1."" title="""" rel=""https://nld.mediacdn.vn/291774122806476800/2025/12/6/logo-napoly-17650648808941489224206.jpg"" photoid=""194057195532857344"" data-original=""https://nld.mediacdn.vn/291774122806476800/2025/12/6/logo-napoly-17650648808941489224206.jpg"" type=""photo"" width=""900"" height=""585"" loading=""lazy""></div><figcaption class=""PhotoCMS_Caption""><p data-placeholder=""Nh·∫≠p ch√∫ th√≠ch ·∫£nh"" class=""NLPlaceholderShow""></p></figcaption></figure><p> </p>                     </div>                 </div>                 <!--Mon Dec 08 2025 08:15:30 GMT+0700 (Gi&#7901; &#272;&#244;ng D&#432;&#417;ng) -- null -- Mon Dec 08 2025 08:15:30 GMT+0700 (Gi&#7901; &#272;&#244;ng D&#432;&#417;ng)-->
                                        <script>
    //Ch√®n ads gi·ªØa b√†i
    (runinit = window.runinit || []).push(function () {
        //N·∫øu k ch·∫°y ads th√¨ return
        if (typeof _chkPrLink != 'undefined' && _chkPrLink)
            return;

        var adsId = 'lmeadybm';
        var mutexAds = '<zone id=""' + adsId + '""></zone>';
        var content = $('[data-role=""content""]');
        if (content.length > 0) {
            var childNodes = content[0].childNodes;
            for (i = 0; i < childNodes.length; i++) {
                var childNode = childNodes[i];

                var isPhotoOrVideo = false;
                if (childNode.nodeName.toLowerCase() == 'div') {
                    // kiem tra xem co la anh khong?
                    var type = $(childNode).attr('class') + '';

                    if (type.indexOf('VCSortableInPreviewMode') >= 0) {
                        isPhotoOrVideo = true;
                    }
                }

                try {
                    if ((i >= childNodes.length / 2 - 1) && (i < childNodes.length / 2) && !isPhotoOrVideo) {
                        if (i <= childNodes.length - 3) {
                            childNode.after(htmlToElement(mutexAds));
                            arfAsync.push(adsId);
                        }
                        break;
                    }
                }
                catch (e) { }
            }
        }
    });
    function htmlToElement(html) {
        var template = document.createElement('template');
        template.innerHTML = html;
        return template.content.firstChild;
    }
</script>


                                        <zone id=""lw61uyys""></zone>
        <script>
            if (pageSettings.allow3rd) arfAsync.push(""lw61uyys"");
        </script>
    
                                        <div data-check-position=""body_end"" class=""clearfix""></div>
                                                                    </div>"
