"title"|"body"|"slug"|"meta"|"focus_key"|"tags"|"url"
"Thủ tục xuất cấp giống cây trồng từ dự trữ quốc gia là gì?"|"```html
<div class=""row article-breadcrumb"">
    <div class=""col"">
        <nav role=""navigation"" aria-labelledby=""system-breadcrumb"">
    <ol class=""breadcrumb bg-transparent"">
                        <li class=""breadcrumb-item breadcrumb-item-first"">
                          <a href=""/kinh-te"">KINH TẾ</a>
                      </li>
                  </ol>
  </nav>

    </div>
  </div>
  <div class=""row article-subtitle"">
    <div class=""col"">
      
    </div>
  </div>
  <div class=""row article-title"">
    <div class=""col"">
      <h1 class=""article-title mb-0"">Xuất cấp hơn 3.400 tấn giống từ dự trữ quốc gia khôi phục sản xuất vùng lũ</h1>

    </div>
  </div>
  <div class=""row article-date align-items-center"">
    <div class=""col-md-4 mb-2"">
      Thứ Sáu, 14:48, 05/12/2025
    </div>
    <div class=""col-md-8 mb-2 justify-content-md-end d-flex"">
      <div class=""socials-share socials"">
  <a class=""w-auto border-0 bg-transparent"" href=""https://news.google.com/publications/CAAqBwgKMPHQsAsw_uvHAw"" target=""_blank"">
    <img src=""https://media.vov.vn/themes/custom/vovvn/images/google_news.png"" alt=""VOV.VN trên Google News"">
  </a>
  <div class=""fb-like fb_iframe_widget"" data-href=""https://vov.vn/kinh-te/xuat-cap-hon-3400-tan-giong-tu-du-tru-quoc-gia-khoi-phuc-san-xuat-vung-lu-post1251427.vov"" data-width="""" data-layout=""button_count"" data-action=""like"" data-size=""small"" data-share=""false"" fb-xfbml-state=""rendered"" fb-iframe-plugin-query=""action=like&amp;app_id=2231789990407982&amp;container_width=0&amp;href=https%3A%2F%2Fvov.vn%2Fkinh-te%2Fxuat-cap-hon-3400-tan-giong-tu-du-tru-quoc-gia-khoi-phuc-san-xuat-vung-lu-post1251427.vov&amp;layout=button_count&amp;locale=en_US&amp;sdk=joey&amp;share=false&amp;size=small&amp;width=""><span style=""vertical-align: bottom; width: 90px; height: 28px;""><iframe name=""fc9aa7abd4e372fd2"" width=""1000px"" height=""1000px"" data-testid=""fb:like Facebook Social Plugin"" title=""fb:like Facebook Social Plugin"" frameborder=""0"" allowtransparency=""true"" allowfullscreen=""true"" scrolling=""no"" allow=""encrypted-media"" src=""https://www.facebook.com/v3.3/plugins/like.php?action=like&amp;app_id=2231789990407982&amp;channel=https%3A%2F%2Fstaticxx.facebook.com%2Fx%2Fconnect%2Fxd_arbiter%2F%3Fversion%3D46%23cb%3Df6cedd4a024ecb4ad%26domain%3Dvov.vn%26is_canvas%3Dfalse%26origin%3Dhttps%253A%252F%252Fvov.vn%252Ff0d0d7961d9551473%26relation%3Dparent.parent&amp;container_width=0&amp;href=https%3A%2F%2Fvov.vn%2Fkinh-te%2Fxuat-cap-hon-3400-tan-giong-tu-du-tru-quoc-gia-khoi-phuc-san-xuat-vung-lu-post1251427.vov&amp;layout=button_count&amp;locale=en_US&amp;sdk=joey&amp;share=false&amp;size=small&amp;width="" style=""border: none; visibility: visible; width: 90px; height: 28px;"" class=""""></iframe></span></div>
  <a class=""icons social-icon social-facebook"" href=""https://www.facebook.com/sharer/sharer.php?u=https%3A%2F%2Fvov.vn%2Fkinh-te%2Fxuat-cap-hon-3400-tan-giong-tu-du-tru-quoc-gia-khoi-phuc-san-xuat-vung-lu-post1251427.vov"" target=""_blank"">
    <i class=""zmdi zmdi-facebook""></i>
  </a>
  <a class=""icons social-icon social-email"" href=""mailto:?subject=VOV&amp;body=https%3A%2F%2Fvov.vn%2Fkinh-te%2Fxuat-cap-hon-3400-tan-giong-tu-du-tru-quoc-gia-khoi-phuc-san-xuat-vung-lu-post1251427.vov"" target=""_blank"">
    <i class=""zmdi zmdi-email""></i>
  </a>
</div>
      <div class=""socials-share socials"">
        <a class=""icons social-icon social-print"" href=""#"">
          <i class=""zmdi zmdi-print""></i>
        </a>
      </div>
    </div>
  </div>
  <div class=""row article-summary"">
    <div class=""col"">
      <h2>
            <div>VOV.VN - Bộ Nông nghiệp và Môi trường đã xuất cấp hơn 3.400 tấn giống từ dự trữ quốc gia để hỗ trợ các tỉnh Nam Trung Bộ và Tây Nguyên khôi phục sản xuất sau bão số 13 và mưa lũ cuối tháng 11. Nhiều doanh nghiệp cũng chung tay cung ứng giống và vật tư giúp nông dân sớm ổn định sản xuất.</div>
      </h2>
    </div>
  </div>
      <div class=""row"">
      <div class=""col"">
        <div class=""ads_detail_middle_6 advertisement ads-bg"">
          <div id=""block-ads-75"" class=""block-ads block-ads75"" data-position=""75"" data-display=""0"" data-interval=""1"" data-width=""800"" data-height=""0"" data-large=""true"" data-small=""true""></div>


        </div>
      </div>
    </div>
    <div class=""row article-content"">
    <div class=""col"">
                  <div class=""text-long""><p>Tháng 11/2025, bão số 13 và đợt mưa lũ diện rộng đã gây thiệt hại nặng nề cho sản xuất trồng trọt tại khu vực Duyên hải Nam Trung Bộ và Tây Nguyên. Theo thống kê của Cục Trồng trọt và Bảo vệ thực vật (TT&amp;BVTV), Bộ Nông nghiệp và Môi trường, tổng diện tích bị ảnh hưởng lên tới 113.925,9 ha, trong đó riêng thiệt hại do bão là 55.329,1 ha, còn lại là thiệt hại do mưa lũ cuối tháng 11.</p>

<p>Bão số 13 gây thiệt hại lớn nhất tại Gia Lai (21.563,7 ha) và Đắk Lắk (29.365,1 ha), chủ yếu ở cây công nghiệp lâu năm và diện tích rau màu. Các tỉnh Quảng Ngãi và Khánh Hòa cũng ghi nhận nhiều vùng sản xuất ngập úng, đổ gãy. Mưa lũ cuối tháng 11 tiếp tục làm hư hại 58.596,5 ha cây trồng. Đắk Lắk mất hơn 39.000 ha; Khánh Hòa gần 14.800 ha; Lâm Đồng trên 4.300 ha lúa, rau màu và cây lâu năm.</p>

<figure role=""group"" class=""gallery-embed embedded-entity image process-filter-image align-center"">
<div alt=""Tổng diện tích bị ảnh hưởng do mưa lũ lên tới 113.925,9 ha."" data-alt=""Tổng diện tích bị ảnh hưởng do mưa lũ lên tới 113.925,9 ha."" data-embed-button=""media_browser"" data-entity-embed-display=""view_mode:media.embedded"" data-entity-embed-display-settings=""Tổng diện tích bị ảnh hưởng do mưa lũ lên tới 113.925,9 ha."" data-entity-type=""media"" data-entity-uuid=""5355d570-e5e7-4797-8bf1-c1a91a077c95"" data-langcode=""vi"" data-large-size=""1200x674"" data-large-src=""https://media.vov.vn/sites/default/files/styles/large/public/2025-12/36f17143c67f4199a6d33adce84e8f09-54369.jpg"" data-medium-size=""800x449"" data-medium-src=""https://media.vov.vn/sites/default/files/styles/medium/public/2025-12/36f17143c67f4199a6d33adce84e8f09-54369.jpg"" data-title=""Tổng diện tích bị ảnh hưởng do mưa lũ lên tới 113.925,9 ha."" style=""width: 800px"" title=""Tổng diện tích bị ảnh hưởng do mưa lũ lên tới 113.925,9 ha.""><article>
  
      
            <div>    <picture>
                
              <source media=""all and (min-width: 1200px)"" type=""image/jpeg"" srcset=""https://media.vov.vn/sites/default/files/styles/large/public/2025-12/36f17143c67f4199a6d33adce84e8f09-54369.jpg 1x"">
              <source media=""all and (min-width: 992px)"" type=""image/jpeg"" srcset=""https://media.vov.vn/sites/default/files/styles/large/public/2025-12/36f17143c67f4199a6d33adce84e8f09-54369.jpg 1x"">
              <source media=""all and (min-width: 768px)"" type=""image/jpeg"" srcset=""https://media.vov.vn/sites/default/files/styles/medium/public/2025-12/36f17143c67f4199a6d33adce84e8f09-54369.jpg 1x"">
              <source media=""all and (min-width: 576px)"" type=""image/jpeg"" srcset=""https://media.vov.vn/sites/default/files/styles/small/public/2025-12/36f17143c67f4199a6d33adce84e8f09-54369.jpg 1x"">
              <source media=""all and (min-width: 0)"" type=""image/jpeg"" srcset=""https://media.vov.vn/sites/default/files/styles/small/public/2025-12/36f17143c67f4199a6d33adce84e8f09-54369.jpg 1x"">
            
            <img alt=""xuat cap hon 3.400 tan giong tu du tru quoc gia khoi phuc san xuat vung lu hinh anh 1"" src=""https://media.vov.vn/sites/default/files/styles/large/public/2025-12/36f17143c67f4199a6d33adce84e8f09-54369.jpg"" typeof=""foaf:Image"" title=""xuất cấp hơn 3.400 tấn giống từ dự trữ quốc gia khôi phục sản xuất vùng lũ hình ảnh 1"" data-adbro-processed=""true"">

  </picture>

</div>
      
  </article>
</div>
<figcaption>Tổng diện tích bị ảnh hưởng do mưa lũ lên tới 113.925,9 ha.</figcaption>
</figure>



<p class="" ads-detail-center"">Để ứng phó và khắc phục hậu quả thiên tai, trong tháng 11 Cục TT&amp;BVTV đã ban hành loạt văn bản chỉ đạo các địa phương chủ động bảo vệ sản xuất, đánh giá thiệt hại và hướng dẫn khôi phục sau bão.</p><div><div id=""block-ads-69"" class=""block-ads block-ads69"" data-position=""69"" data-display=""0"" data-interval=""0"" data-width=""1200"" data-height=""100"" data-large=""true"" data-small=""true""><div style="""" data-aid=""267"" class=""ads ads--267"">
      <ins class=""982a9496"" data-key=""178580deabdb6f3696c1f27935e31118"" id=""982a9496-178580deabdb6f3696c1f27935e31118-1-9087"" style=""text-decoration: none; margin: 0px; padding: 0px; display: block; background: transparent;""><ins id=""982a9496-178580deabdb6f3696c1f27935e31118-1-9087-1"" style=""text-decoration: none; margin: 0px auto; padding: 0px; display: block; background: transparent; position: relative;""> <script type=""application/javascript"">
(function(w,d,p,c){var r='ptag',o='script',s=function(u){var a=d.createElement(o),
m=d.getElementsByTagName(o)[0];a.async=1;a.src=u;m.parentNode.insertBefore(a,m);};
w[r]=w[r]||function(){(w[r].q = w[r].q || []).push(arguments)};s(p);s(c);})
(window, document, '//tag.adbro.me/tags/ptag.js', '//tag.adbro.me/configs/zr9ugz5o.js');
</script><script type=""text/javascript"">new Image().src = ""https://aj1559.online/zKqqUSD239QZ8KFTG4JWdFzp-Ua8gyYBNGJ5qPG2JFjC-WRQmlbrhcK2j3Fg151eo9Z2oOALYL1OfB-CyRz4h51N-FousKmS3ohKgQxc4QZsH9hSvG9r9wy2af8F_noU6IOL3UDjpMn936YTt3C4B18lYFbeF-JMTwaZT24MIeXAClwxQFRXSIBLym1yBMLJbSrLxfAAEcs2eBwczzC7xmSCBlmSdYslqCGrznI0SPKK8BVOeGVlsnLAf1657uJZO6JbdLR3bjq2IAdeI2K-81nt6hspGd0EPgDzkzmJOhyT_GwwDTlvDzEFx43xm4hy83OmlctrTTTU6Om5QFh_fD-w2-3LSznT1ycINjUcC8sv1QAZFUCQYE7joDX89qVXyh2cD7QE?DC=DO"";</script></ins></ins>
<script async="""" src=""https://aj1559.online/ba298f04.js""></script>
  </div>
</div></div>

<p>Từ ngày 24–26/11, các đoàn công tác của Cục đã trực tiếp kiểm tra tại Gia Lai, Đắk Lắk và Khánh Hòa, làm việc với Sở Nông nghiệp và Môi trường để thống nhất giải pháp tái sản xuất. Một số địa phương đã đề xuất hỗ trợ khẩn cấp: Đắk Lắk đề nghị cấp 400 tấn giống lúa, 11 tấn ngô và 0,5 tấn giống rau; Gia Lai và Khánh Hòa đề nghị hỗ trợ bằng tiền theo Nghị định 09/2025/NĐ-CP.</p>

<p>Ngày 26/11, Cục gửi Thư ngỏ kêu gọi các doanh nghiệp, hiệp hội cùng chung tay hỗ trợ giống và vật tư nông nghiệp cho bà con vùng lũ. Đến nay, nhiều doanh nghiệp đã đăng ký hỗ trợ hàng chục tấn giống và hàng chục nghìn gói hạt giống rau.</p>

<p>Thực hiện Nghị định 09/2025/NĐ-CP, Cục TT&amp;BVTV đã tham mưu Bộ Nông nghiệp và Môi trường xuất cấp 3.400,025 tấn giống để hỗ trợ các tỉnh bị ảnh hưởng thiên tai, trong đó: Thừa Thiên Huế 292,09 tấn; Quảng Trị 190 tấn; Hà Tĩnh 340,06 tấn; Thanh Hóa 1.601,41 tấn.</p>

<p>Hiện Cục đang tiếp tục phối hợp với Đắk Lắk, Lâm Đồng, Quảng Ngãi và Đà Nẵng để chốt khối lượng giống lúa, ngô cần hỗ trợ đợt tiếp theo từ nguồn dự trữ quốc gia.</p>

<p>Trong thời gian tới, Cục TT&amp;BVTV sẽ tiếp tục theo dõi sát tình hình thời tiết và sản xuất tại các địa phương; hướng dẫn tiêu úng, khơi thông dòng chảy, hạn chế cây trồng hư hại kéo dài. Cục cũng đang tổng hợp đầy đủ nhu cầu hỗ trợ giống và kinh phí để trình Bộ xem xét, đồng thời triển khai kế hoạch sản xuất vụ Đông Xuân 2025 - 2026, ưu tiên mở rộng các cây trồng có lợi thế nhằm bù đắp sản lượng bị thiệt hại.</p>

<p>Việc hỗ trợ kịp thời từ Nhà nước, doanh nghiệp và các tổ chức sẽ giúp nông dân sớm phục hồi sản xuất, ổn định đời sống sau thiên tai.</p>

<div class=""article__inner-story""><article class=""inner-article hzol-clear"">
  <div class=""article-media media media-embed"">
    <figure class=""cover"" style=""width:200px; height:120px; "">
      <a href=""/xa-hoi/khac-phuc-hau-qua-mua-lu-mien-trung-cap-dien-tro-lai-cho-998-khach-hang-post1248956.vov"">              <img src=""https://media.vov.vn/sites/default/files/styles/front_medium/public/2025-11/dien3.jpg"" alt=""dien3.jpg"">


</a>
    </figure>
    <div class=""media-body"">
      <a class=""vovvn-title"" href=""/xa-hoi/khac-phuc-hau-qua-mua-lu-mien-trung-cap-dien-tro-lai-cho-998-khach-hang-post1248956.vov"">
        <h5 class=""media-title""></h5><h1 class=""article-title mb-0"">Khắc phục hậu quả mưa lũ miền Trung: Cấp điện trở lại cho 99,8% khách hàng</h1>

      </a>
              <p class=""mt-2 d-none d-md-block"">
          VOV.VN - Đến sáng 26/11, Tổng Công ty Điện lực miền Trung (EVNCPC) đã khôi phục cấp điện cho 99,8% trong tổng số gần 1,2 triệu khách hàng bị ảnh hưởng bởi mưa lũ, ngập lụt tại khu vực miền Trung. Hiện chỉ còn hơn 2.300 khách hàng chưa thể cấp điện do vùng ngập sâu và giao thông bị chia cắt.
        </p>
          </div>
  </div>
</article></div>



<p>&nbsp;</p>
</div>
      
    </div>
  </div>
  <div class=""row article-author"">
    <div class=""col text-end"">
      <a href=""/author?keyword=Vân Hồng/VOV.VN"">Vân Hồng/VOV.VN</a>
      <br>
              <span class=""fw-normal""></span>
          </div>
  </div>
  <div class=""row article-tags"">
    <div class=""col"">
              <div class=""tags"">
          <span class=""title"">Tag:</span>
                      <a href=""/tag/l%C5%A9"">lũ</a>
                      <a href=""/tag/v%C3%B9ng+l%C5%A9"">vùng lũ</a>
                      <a href=""/tag/Nam+Trung+B%E1%BB%99"">Nam Trung Bộ</a>
                      <a href=""/tag/T%C3%A2y+Nguy%C3%AAn"">Tây Nguyên</a>
                      <a href=""/tag/kh%C3%B4i+ph%E1%BB%A5c+s%E1%BA%A3n+xu%E1%BA%A5t"">khôi phục sản xuất</a>
                  </div>
          </div>
  </div>

  <div class=""row align-items-center justify-content-end"">
    <div class=""col-auto"">
      Mời quý độc giả theo dõi VOV.VN trên
    </div>
    <div class=""col-auto"">
      <a class=""menu-social mx-1"" href=""https://www.facebook.com/baodientuvov.vn/"" target=""_blank"">
        <i class=""vovvn-icon vovvn-icon-facebook""></i>
      </a>
      <a class=""menu-social mx-1"" href=""https://www.youtube.com/channel/UCHCos7l5Nol2OZfFFkDXckg/featured?disable_polymer=true"" target=""_blank"">
        <i class=""vovvn-icon vovvn-icon-youtube""></i>
      </a>
      <a class=""menu-social mx-1"" href=""https://www.tiktok.com/@baodientuvov"" target=""_blank"">
        <i class=""vovvn-icon vovvn-icon-tiktok""></i>
      </a>
    </div>
  </div>
```"|"thu-tuc-xuat-cap-giong-cay-trong-tu-du-tru-quoc-gia-la-gi"|"Hơn 3.400 tấn giống cây trồng từ dự trữ quốc gia được xuất cấp để giúp Nam Trung Bộ, Tây Nguyên khôi phục sản xuất sau lũ. Doanh nghiệp chung tay hỗ trợ giống."|"xuất cấp giống cây trồng từ dự trữ quốc gia"|"kinh tế, lũ, vùng lũ, nam trung bộ, tây nguyên, khôi phục sản xuất, giống cây trồng, hỗ trợ nông dân, sản xuất nông nghiệp, thiên tai"|"https://vov.vn/kinh-te/xuat-cap-hon-3400-tan-giong-tu-du-tru-quoc-gia-khoi-phuc-san-xuat-vung-lu-post1251427.vov"
"Khu vực nào ở Nam Trung Bộ, Tây Nguyên dễ bị sạt lở nhất?"|"```html
<div class=""l-content"">
<div class=""article__sapo cms-desc"">
<p>(PLO)- Nguy cơ sạt lở vẫn rất cao tại các điểm xung yếu ở Lâm Đồng, Khánh Hòa, Đắk Lắk, Gia Lai và dọc dãy Trường Sơn, chỉ cần mưa thêm là có thể xảy ra sạt lở.</p>
</div>
<div id=""adsWeb_AdsArticleAfterSapo"" class=""banner clearfix"" data-platform=""1"" data-position=""Web_AdsArticleAfterSapo"" style=""display: none;"">
<script>if(typeof Web_AdsArticleAfterSapo!=""undefined""){window.CMS_BANNER.pushAds(Web_AdsArticleAfterSapo,""adsWeb_AdsArticleAfterSapo"")}else{document.getElementById(""adsWeb_AdsArticleAfterSapo"").style.display=""none""};</script>
</div>
<div style=""display: none"" class=""hidden-player"" data-src=""https://cms-tts-ai.zdn.vn/11d3aa9a12d760e30a80b4f2611fd7fe/6933ef4a/plo/2025/12/05/885044/6.m4a"" data-index=""0"">
<video class=""player"">
<source src=""https://cms-tts-ai.zdn.vn/11d3aa9a12d760e30a80b4f2611fd7fe/6933ef4a/plo/2025/12/05/885044/6.m4a"">
</video>
</div>
<div class=""audio tts-player"">
<div class=""left"">
<button class=""play-button"" aria-label=""Play"">
<span><i class=""ic-audio-play""></i></span>
</button>
<span class=""mute-wrap"">
<button class=""mute-button"" aria-label=""Volumn"">
<i class=""ic-audio-volume""></i>
</button>
<div class=""volume-slider"" id=""volume-slider"">
<div class=""volume-slider-handle""></div>
</div>
</span>
<div class=""time-display"">
<span class=""current"">0:00</span>
<span class=""separator"">/</span>
<span class=""duration"">0:00</span>
<span class=""live""></span>
</div>
<div class=""progress-bar"" id=""progress-bar"">
<span class=""bg""></span>
<span class=""fill-load""></span>
<div class=""wrap-recent"">
<span class=""fill-recent"">
<span class=""current_time"">0:00</span>
</span>
</div>
</div>
</div>
<div class=""right"">
<button class=""select-voice"">
<i class=""ic-audio-microphone""></i>
<span>Nữ miền Nam</span>
</button>
<div class=""voice-board"">
<ul>
<li>
<div class=""voice-name"" data-content-id=""885044"" data-display-name=""Nữ miền Nam"" data-voice-id=""6"">
<i class=""ic-audio-waveform""></i>
<span>Nữ miền Nam</span>
</div>
</li>
</ul>
</div>
</div>
</div>
<div class=""article__body zce-content-body cms-body "" itemprop=""articleBody"">
<p style=""text-align: justify;"">Trong vài ngày qua, Lâm Đồng, Khánh Hoà và nhiều khu vực Nam Trung Bộ liên tục xuất hiện mưa lớn kéo dài, gây sạt lở và ngập lụt tại nhiều khu vực.</p>
<p style=""text-align: justify;""><em><a href=""https://plo.vn/"" title=""PLO"" class=""cms-relate"">PLO</a></em> đã có <a href=""https://plo.vn/giao-luu-truc-tuyen/"" title=""trao đổi"" class=""cms-relate"">trao đổi</a> với ông Nguyễn Văn Hưởng, Trưởng phòng Dự báo Thời tiết, Trung tâm Dự báo Khí tượng thuỷ văn quốc gia về nguy cơ thiên tai ở khu vực này hiện nay.</p>
<h2 style=""text-align: justify;"" id=""tocid_1""><b>Lũ trên sông Cam Ly vượt lịch sử</b></h2>
<p style=""text-align: justify;""><b>. Phóng viên:</b> <em>Ông có thể phác thảo bức tranh tổng thể về <a href=""https://plo.vn/quoc-te/su-kien/"" title=""diễn biến"" class=""cms-relate"">diễn biến</a> mưa lũ tại Trung Bộ và Tây Nguyên trong đợt này? Những hình thế thời tiết nào đang chi phối?</em></p>
<p style=""text-align: justify;""><b>+ Ông Nguyễn Văn Hưởng:</b> Từ ngày 3 đến ngày 5-12, trên địa bàn tỉnh Lâm Đồng đã có mưa lớn gây ra một đợt lũ trên các sông Dinh Ninh Hòa, Cái Nha Trang, Cái Phan Thiết (Khánh Hòa), sông Krông Ana (Đắk Lắk), sông Lũy, sông Cam Ly (Lâm Đồng).</p>
<figure>
<img src=""https://image.plo.vn/w850/Uploaded/2025/gtnokt/2025_12_05/z7216481014164-a52891f1b47166fa15dc7b4858e37285-6808-9332.jpg.webp"" id=""2377836"" alt=""Ông Nguyễn Văn Hưởng, Trưởng phòng Dự báo Thời tiết, Trung tâm Dự báo Khí tượng thuỷ văn quốc gia."" data-width=""2396"" data-height=""1797"" data-image-id=""2377836"" class=""lazyload cms-photo"" title=""Ông Nguyễn Văn Hưởng, Trưởng phòng Dự báo Thời tiết, Trung tâm Dự báo Khí tượng thuỷ văn quốc gia."">
<figcaption>Ông Nguyễn Văn Hưởng, Trưởng phòng Dự báo Thời tiết, Trung tâm Dự báo Khí tượng thuỷ văn quốc gia.</figcaption>
</figure>
<p style=""text-align: justify;"">Trong đợt lũ này, đỉnh lũ trên sông Cam Ly đã vượt lũ lịch sử năm 2019 là 0,11 m, đỉnh lũ trên sông Lũy vượt báo động 3 là 0,73 m. Các sông khác ở Khánh Hòa, Đắk Lắk ở mức báo động 1 - báo động 2.</p>
<p style=""text-align: justify;"">Nguyên nhân của những cơn mưa lớn gây lũ này là do ảnh hưởng của hoàn lưu vùng áp thấp suy yếu từ bão số 15.</p>
<p style=""text-align: justify;"">Sau khi suy yếu thành vùng áp thấp, di chuyển vào đất liền kết hợp với không khí lạnh từ phía Bắc dồn xuống, gây ra mưa lớn ở khu vực Nam Trung Bộ và khu vực Lâm Đồng, một số nơi ở miền Đông Nam Bộ trong ngày 3, 4-12 cũng có mưa to.</p>
<p style=""text-align: justify;""><em>. Diễn biến mưa lớn dự kiến kéo dài đến thời điểm nào, thưa ông?</em></p>
<div class=""ads_middle"">
<div id=""adsWeb_AdsArticleMiddle"" class=""banner fyi"" data-position=""Web_AdsArticleMiddle"">
<script>if(typeof Web_AdsArticleMiddle!=""undefined""){window.CMS_BANNER.pushAds(Web_AdsArticleMiddle,""adsWeb_AdsArticleMiddle"")}else{document.getElementById(""adsWeb_AdsArticleMiddle"").style.display=""none""};</script>
<div id=""Web_AdsArticleMiddle_0"" data-id=""4482"" data-name=""DC-Inpage-PC (PC Middle Article)"" data-position=""Web_AdsArticleMiddle"" data-index=""0"" align=""center"" class=""adsitem banner_show"" style=""position: relative;"" rel=""4482"" tag=""DC-Inpage-PC (PC Middle Article)"">
<div onclick=""document.getElementById('Web_AdsArticleMiddle_0').parentNode.style.display = 'none';"" class=""ads_close"" style=""background: #fff;z-index: 50;position: absolute;bottom: 0;right: 0;padding: 0 5px;border-radius: 2px;font-size: 14px;"" title=""Đóng""><i>×</i></div>
</div>
</div>
</div>
<p style=""text-align: justify;"">+ Từ ngày 4-12, hoàn lưu vùng xoáy thấp suy yếu từ bão số 15 đã tan hoàn toàn, khu vực Trung Bộ chỉ còn chịu tác động của không khí lạnh. Vì vậy, mưa lớn hầu như không còn, chỉ còn những cơn mưa rào với lượng dưới 30 mm, tập trung chủ yếu ở dải ven biển. Riêng Tây Nguyên mưa đã chấm dứt, trời nắng trở lại.</p>
<h3 style=""text-align: justify;"" id=""tocid_2""><b>Nền đất đã bão hoà, nguy cơ thiên tai tăng</b></h3>
<div style=""margin: 10px 0px;""><script data-pid=""4578"" async="""" type=""text/javascript"" src=""//go.trvdp.com/init/16139.js""></script></div>
<p style=""text-align: justify;""><em>. Từ cuối tháng 10 đến nay, khu vực Nam Trung Bộ – Tây Nguyên liên tục hứng chịu các đợt mưa lớn. Trong bối cảnh mưa tiếp tục gia tăng những ngày gần đây, những nguy cơ thiên tai nào có thể xảy ra trong thời gian tới, đặc biệt tại các khu vực xung yếu, thưa ông?</em></p>
<p style=""text-align: justify;"">+ Từ cuối tháng 10 đến nay, khu vực Nam Trung Bộ, Tây Nguyên đã xuất hiện nhiều đợt mưa lớn kéo dài, trong đó phải kể đến hai đợt mưa đặc biệt lớn.</p>
<p style=""text-align: justify;"">Đợt 1 từ ngày 23-10 đến 3-11, tại các tỉnh từ Hà Tĩnh đến Quảng Ngãi, tổng lượng mưa trên khu vực phổ biến từ 500-800 mm, có nơi trên 1.000 mm. Riêng tại trạm Bạch Mã đã quan trắc được lượng mưa 1.740 mm vào ngày 27-10. Đây là lượng mưa một ngày lớn nhất từ trước đến nay ở Việt Nam.</p>
<p style=""text-align: justify;"">Theo thống kê của Tổ chức Khí tượng <a href=""https://plo.vn/quoc-te/"" title=""thế giới"" class=""cms-relate"">thế giới</a> (WMO), mưa một ngày lớn nhất là 1.825 mm ở một trạm quan trắc của Pháp tại Ấn Độ Dương vào 1-1966.</p>
<figure>
<img src=""https://image.plo.vn/w850/Uploaded/2025/gtnokt/2025_12_05/dth08540-992-7144-2333-6110.jpg.webp"" id=""2377837"" alt=""Rạng sáng 4-12, nước lũ cuồn cuộn đổ về khiến nhiều nơi ở Nha Trang lại ngập lụt. Ảnh: XUÂN HOÁT"" data-width=""2000"" data-height=""1308"" data-image-id=""2377837"" class=""lazyload cms-photo"" title=""Rạng sáng 4-12, nước lũ cuồn cuộn đổ về khiến nhiều nơi ở Nha Trang lại ngập lụt. Ảnh: XUÂN HOÁT"">
<figcaption>Rạng sáng 4-12, nước lũ cuồn cuộn đổ về khiến nhiều nơi ở Nha Trang lại ngập lụt. Ảnh: XUÂN HOÁT</figcaption>
</figure>
<p style=""text-align: justify;"">Đợt 2 từ ngày 16 đến 21-11 xảy ra tại các tỉnh từ Quảng Trị - Khánh Hòa, tổng lượng mưa phổ biến 300-600 mm, có nơi trên 700 mm. Trong đợt mưa lớn này, một số điểm đã quan trắc được tổng lượng mưa tháng vượt giá trị lịch sử.</p>
<p style=""text-align: justify;"">Với lượng mưa lớn hơn rất nhiều so với trung bình, thời gian mưa lại kéo dài khiến nền đất bão hòa, làm tăng đáng kể nguy cơ thiên tai.</p>
<p style=""text-align: justify;"">Trong bối cảnh những ngày gần đây mưa tiếp tục gia tăng, các rủi ro chính trong thời gian tới tập trung vào sạt lở đất ở vùng đồi núi, lũ quét trên các lưu vực nhỏ dốc, ngập sâu tại vùng trũng hạ lưu và nguy cơ cô lập <a href=""https://plo.vn/do-thi/giao-thong/"" title=""giao thông"" class=""cms-relate"">giao thông</a> qua các tuyến đèo trọng yếu.</p>
<p style=""text-align: justify;"">Đáng lo ngại nhất là <strong>nguy cơ sạt lở đất</strong> tiếp tục ở các khu vực xung yếu thuộc Lâm Đồng, Khánh Hoà, Đắk Lắk, Gia Lai và các khu vực miền núi ven dãy Trường Sơn, nơi địa hình dốc và đất đã no nước, chỉ cần thêm một lượng mưa không lớn cũng có thể kích hoạt trượt lở mới.</p>
<div class=""ads_middle"">
<div id=""adsWeb_AdsArticleMiddle1"" class=""banner fyi"" data-position=""Web_AdsArticleMiddle1"" style=""display: none;"">
<script>if(typeof Web_AdsArticleMiddle1!=""undefined""){window.CMS_BANNER.pushAds(Web_AdsArticleMiddle1,""adsWeb_AdsArticleMiddle1"")}else{document.getElementById(""adsWeb_AdsArticleMiddle1"").style.display=""none""};</script>
</div>
</div>
<p style=""text-align: justify;"">Đối với tỉnh Lâm Đồng, nguyên nhân chính gây sạt lở trong đợt này do có mưa nhiều, kéo dài làm suy giảm khả năng chống trượt của sườn dốc. Địa hình đồi núi cao, lớp đất phong hóa sâu, dễ rời rạc khi bão hòa nước khiến khu vực này đặc biệt nhạy cảm với sạt lở.</p>
<h3 style=""text-align: justify;"" id=""tocid_3""><b>Dự báo mới nhất về bão số 16</b></h3>
<p style=""text-align: justify;""><em>. Theo các mô hình dự báo, Biển Đông có khả năng xuất hiện bão số 16 trong thời gian tới. Ông có thể cung cấp thêm thông tin cụ thể về khả năng hình thành, cường độ và hướng di chuyển của cơn bão này?</em></p>
<p style=""text-align: justify;"">+ Hiện tại ở vùng biển phía Đông của miền Trung Philippines có một áp thấp nhiệt đới đang hoạt động. Trong ngày hôm nay, áp thấp nhiệt đới này sẽ đổ bộ vào khu vực miền Trung của Philippines.</p>
<p style=""text-align: justify;"">Chúng tôi nhận định khoảng ngày 7 đến 8-12, áp thấp nhiệt đới này sẽ vượt qua khu vực phía Bắc của đảo Palawan và đi vào Biển Đông.</p>
<p style=""text-align: justify;"">Hiện tại khả năng thành bão cũng có nhưng chưa cao, xác suất vào khoảng 40-50%, còn về hướng di chuyển của cơn áp thấp nhiệt đới này cũng còn nhiều biến động, tùy thuộc vào tương tác với không khí lạnh khi vào Biển Đông.</p>
<figure>
<img src=""https://image.plo.vn/w850/Uploaded/2025/gtnokt/2025_12_05/deo-gia-bac-3-222-9256-6675-6373.jpg.webp"" id=""2377838"" alt=""Đèo Gia Bắc, Quốc lộ 28 (Lâm Đồng) sạt lở nặng. Ảnh: PHƯƠNG NAM - VÕ TÙNG"" data-width=""850"" data-height=""478"" data-image-id=""2377838"" class=""lazyload cms-photo"" title=""Đèo Gia Bắc, Quốc lộ 28 (Lâm Đồng) sạt lở nặng. Ảnh: PHƯƠNG NAM - VÕ TÙNG"">
<figcaption>Đèo Gia Bắc, Quốc lộ 28 (Lâm Đồng) sạt lở nặng. Ảnh: PHƯƠNG NAM - VÕ TÙNG</figcaption>
</figure>
<p style=""text-align: justify;""><em>. Trước diễn biến mưa lũ, ngập lụt và sạt lở đất phức tạp, ông có khuyến nghị gì cho chính quyền <a href=""https://plo.vn/trang-dia-phuong/"" title=""địa phương"" class=""cms-relate"">địa phương</a> và người dân trong công tác ứng phó trước mắt, cũng như các giải pháp dài hạn để giảm thiểu rủi ro trong bối cảnh biến đổi khí hậu ngày càng rõ nét?</em></p>
<p style=""text-align: justify;"">+ Trước diễn biến mưa lũ và sạt lở đất phức tạp, chính quyền địa phương cần ưu tiên rà soát ngay các khu vực xung yếu, tổ chức sơ tán dân ở những nơi có nguy cơ cao, kiểm soát chặt việc đi lại qua các tuyến đèo, suối, ngầm tràn và chủ động bố trí lực lượng trực 24/24 để xử lý sự cố. Tổ chức thực hiện đánh giá và lập bản đồ nguy cơ sạt lở đất tỉ lệ lớn theo Quyết định số 1262 ngày 27-10-2023 của Thủ tướng Chính phủ Phê duyệt Đề án Cảnh báo sớm sạt lở đất, lũ quét khu vực miền núi, trung du Việt Nam.</p>
<p style=""text-align: justify;"">Thường xuyên theo dõi chặt chẽ cảnh báo, không chủ quan khi mưa lớn kéo dài, tránh trú tại các khu vực chân ta-luy, ven sông suối, đồng thời chuẩn bị sẵn nhu yếu phẩm và phương án liên lạc khi xảy ra chia cắt.</p>
<div class=""ads_middle"">
<div id=""adsWeb_AdsArticleMiddle2"" class=""banner fyi"" data-position=""Web_AdsArticleMiddle2"" style=""display: none;"">
<script>if(typeof Web_AdsArticleMiddle2!=""undefined""){window.CMS_BANNER.pushAds(Web_AdsArticleMiddle2,""adsWeb_AdsArticleMiddle2"")}else{document.getElementById(""adsWeb_AdsArticleMiddle2"").style.display=""none""};</script>
</div>
</div>
<p style=""text-align: justify;"">Về dài hạn, cần đẩy mạnh quy hoạch không gian an toàn thiên tai, củng cố hệ thống thoát lũ <a href=""https://plo.vn/do-thi/"" title=""đô thị"" class=""cms-relate"">đô thị</a>, kiểm soát xây dựng trên sườn dốc, phục hồi che phủ rừng và tăng cường quan trắc – cảnh báo sớm. Đây là những giải pháp then chốt giúp giảm thiểu rủi ro trong bối cảnh biến đổi khí hậu ngày càng làm gia tăng mưa cực đoan và thiên tai trên toàn khu vực.</p>
<p style=""text-align: justify;""><em>. Xin cảm ơn ông!</em></p>
<div class=""article-relate"" data-source=""related-news"" data-tag=""PC_Detail_BoxTLQ_Inview"">
<article class=""story"">
<figure class=""story__thumb"">
<a class=""cms-link"" href=""https://plo.vn/lam-dong-deo-mimosa-tiep-tuc-sat-lo-tam-ngung-luu-thong-post884777.html"" title=""Lâm Đồng: Đèo Mimosa tiếp tục sạt lở, tạm ngưng lưu thông"">
<img class=""lazyload "" src=""https://image.plo.vn/200x130/Uploaded/2025/znaebe/2025_12_04/lam-dong-deo-mimosa-tiep-tuc-sat-lo-tam-ngung-luu-thong-6166-9532.jpeg.webp"" alt=""Lâm Đồng: Đèo Mimosa tiếp tục sạt lở, tạm ngưng lưu thông"">
</a>
</figure>
<h2 class=""story__heading"" data-tracking=""884777"">
<a class=""cms-link"" href=""https://plo.vn/lam-dong-deo-mimosa-tiep-tuc-sat-lo-tam-ngung-luu-thong-post884777.html"" title=""Lâm Đồng: Đèo Mimosa tiếp tục sạt lở, tạm ngưng lưu thông"">
Lâm Đồng: Đèo Mimosa tiếp tục sạt lở, tạm ngưng lưu thông
</a>
</h2>
<div class=""story__summary story__shorten"">
<p>(PLO)- Mưa lớn khiến đèo Mimosa tiếp sạt lở ngay vị trí cũ, lực lượng CSGT đã lập rào chắn và tạm ngưng lưu thông để bảo đảm an toàn.</p>
</div>
</article>
</div>
<div class=""article-relate"" data-source=""related-news"" data-tag=""PC_Detail_BoxTLQ_Inview"">
<article class=""story"">
<figure class=""story__thumb"">
<a class=""cms-link"" href=""https://plo.vn/bien-dong-sap-co-bao-so-16-huong-vao-nam-trung-bo-post884807.html"" title=""Biển Đông sắp có bão số 16, hướng vào Nam Trung Bộ"">
<img class=""lazyload "" src=""https://image.plo.vn/200x130/Uploaded/2025/gtnokt/2025_12_04/z7290689101635-575fd895857e361361677d790eca3c4a-5157-7490.jpg.webp"" alt=""Biển Đông sắp có bão số 16, hướng vào Nam Trung Bộ"">
</a>
</figure>
<h2 class=""story__heading"" data-tracking=""884807"">
<a class=""cms-link"" href=""https://plo.vn/bien-dong-sap-co-bao-so-16-huong-vao-nam-trung-bo-post884807.html"" title=""Biển Đông sắp có bão số 16, hướng vào Nam Trung Bộ"">
Biển Đông sắp có bão số 16, hướng vào Nam Trung Bộ
</a>
</h2>
<div class=""story__summary story__shorten"">
<p>(PLO)- Dự báo cơn bão này có khả năng ảnh hưởng trực tiếp đến đất liền của khu vực Trung và Nam Trung Bộ, gây ra một đợt mưa vừa, mưa to ở các tỉnh từ Huế trở vào đến khu vực Khánh Hòa.</p>
</div>
</article>
</div>
<div class=""article__author cms-author"">
AN HIỀN
</div>
<div id=""adsWeb_AdsArticleAfterBody"" class=""banner clearfix"" data-platform=""1"" data-position=""Web_AdsArticleAfterBody"">
<script>if(typeof Web_AdsArticleAfterBody!=""undefined""){window.CMS_BANNER.pushAds(Web_AdsArticleAfterBody,""adsWeb_AdsArticleAfterBody"")}else{document.getElementById(""adsWeb_AdsArticleAfterBody"").style.display=""none""};</script>
<div id=""Web_AdsArticleAfterBody_0"" data-id=""4612"" data-name=""DC-duoi-tac-gia "" data-position=""Web_AdsArticleAfterBody"" data-index=""0"" align=""center"" class=""adsitem banner_show"" style=""position: relative;"" rel=""4612"" tag=""DC-duoi-tac-gia "">
<div data-type=""_mgwidget"" data-widget-id=""1344616"" data-uid=""0f989""></div>
<script>(function(w,q){w[q]=w[q]||[];w[q].push([""_mgc.load""])})(window,""_mgq"");</script>
<div onclick=""document.getElementById('Web_AdsArticleAfterBody_0').parentNode.style.display = 'none';"" class=""ads_close"" style=""background: #fff;z-index: 50;position: absolute;bottom: 0;right: 0;padding: 0 5px;border-radius: 2px;font-size: 14px;"" title=""Đóng""><i>×</i></div>
</div>
</div>
</div>
<div class=""article__footer"">
<div class=""related-news"">
<div class=""box-heading""><span class=""title"">Tin liên quan</span></div>
<div class=""box-content"" data-source=""related-news"" data-tag=""PC_Detail_ListTLQ"">
<article class=""story no-photo"">
<h2 class=""story__heading"" data-tracking=""884756"">
<a class=""cms-link"" href=""https://plo.vn/sat-lo-lon-tren-deo-gia-bac-ql28-tam-ngung-luu-thong-hai-chieu-post884756.html"" title=""Sạt lở lớn trên đèo Gia Bắc, QL28 tạm ngưng lưu thông hai chiều"">
Sạt lở lớn trên đèo Gia Bắc, QL28 tạm ngưng lưu thông hai chiều
</a>
</h2>
</article>
<article class=""story no-photo"">
<h2 class=""story__heading"" data-tracking=""884580"">
<a class=""cms-link"" href=""https://plo.vn/tam-dung-luu-thong-qua-deo-ngoan-muc-de-xu-ly-diem-sat-lo-moi-post884580.html"" title=""Tạm dừng lưu thông qua đèo Ngoạn Mục để xử lý điểm sạt lở mới"">
Tạm dừng lưu thông qua đèo Ngoạn Mục để xử lý điểm sạt lở mới
</a>
</h2>
</article>
<article class=""story no-photo"">
<h2 class=""story__heading"" data-tracking=""884893"">
<a class=""cms-link"" href=""https://plo.vn/nhieu-nha-o-nha-trang-khoa-cua-di-so-tan-khi-nghe-tin-lu-lai-ve-post884893.html"" title=""Nhiều nhà ở Nha Trang khóa cửa đi sơ tán khi nghe tin lũ lại về"">
Nhiều nhà ở Nha Trang khóa cửa đi sơ tán khi nghe tin lũ lại về<i class=""ic-type-img""></i>
</a>
</h2>
</article>
<article class=""story no-photo"">
<h2 class=""story__heading"" data-tracking=""884804"">
<a class=""cms-link"" href=""https://plo.vn/hinh-anh-sang-4-12-nha-trang-lai-ngap-lut-nguoi-dan-gan-nhu-kiet-suc-post884804.html"" title=""Hình ảnh: Sáng 4-12 Nha Trang lại ngập lụt, người dân gần như kiệt sức"">
Hình ảnh: Sáng 4-12 Nha Trang lại ngập lụt, người dân gần như kiệt sức<i class=""ic-type-img""></i><i class=""ic-type-text"">LENS</i>
</a>
</h2>
</article>
</div>
</div>
<div id=""adsWeb_AdsArticleAfterRelated"" class=""banner clearfix"" data-platform=""1"" data-position=""Web_AdsArticleAfterRelated"" style=""display: none;"">
<script>if(typeof Web_AdsArticleAfterRelated!=""undefined""){window.CMS_BANNER.pushAds(Web_AdsArticleAfterRelated,""adsWeb_AdsArticleAfterRelated"")}else{document.getElementById(""adsWeb_AdsArticleAfterRelated"").style.display=""none""};</script>
</div>
<div class=""article__tag"">
<h3 class=""box-heading"">
<span class=""title"">từ khóa</span>
</h3>
<div class=""box-content"">
<a href=""https://plo.vn/sat-lo-tag83405.html"" title=""sạt lở"">#sạt lở</a>
<a href=""https://plo.vn/nam-trung-bo-tag65264.html"" title=""Nam Trung Bộ"">#Nam Trung Bộ</a>
<a href=""https://plo.vn/mua-lon-tag64118.html"" title=""mưa lớn"">#mưa lớn</a>
<a href=""https://plo.vn/lam-dong-tag56539.html"" title=""Lâm Đồng"">#Lâm Đồng</a>
</div>
</div>
<div id=""adsWeb_AdsArticleAfterTag"" class=""banner clearfix"" data-platform=""1"" data-position=""Web_AdsArticleAfterTag"">
<script>if(typeof Web_AdsArticleAfterTag!=""undefined""){window.CMS_BANNER.pushAds(Web_AdsArticleAfterTag,""adsWeb_AdsArticleAfterTag"")}else{document.getElementById(""adsWeb_AdsArticleAfterTag"").style.display=""none""};</script>
<div id=""Web_AdsArticleAfterTag_0"" data-id=""4433"" data-name=""DC Duoi Tag"" data-position=""Web_AdsArticleAfterTag"" data-index=""0"" align=""center"" class=""adsitem banner_show"" style=""position: relative;"" rel=""4433"" tag=""DC Duoi Tag"">
<div id=""M803507ScriptRootC1306417_00964"">
</div>
<script src=""https://jsc.mgid.com/p/l/plo.vn.1306417.js"" async="""">
</script>
<div onclick=""document.getElementById('Web_AdsArticleAfterTag_0').parentNode.style.display = 'none';"" class=""ads_close"" style=""background: #fff;z-index: 50;position: absolute;bottom: 0;right: 0;padding: 0 5px;border-radius: 2px;font-size: 14px;"" title=""Đóng""><i>×</i></div>
</div>
</div>
<div class=""wrap-comment"" id=""comment885044"" data-id=""885044"" data-type=""20"">
<div id=""comment-885044"" class=""article__comment"">
<div class=""box-heading""><span class=""title"">Bình luận</span></div>
<div class=""box-content"">
<div class=""input-comment input"">
<textarea rows=""3"" placeholder=""Xin vui lòng gõ tiếng Việt có dấu""></textarea>
<div class=""note-btn"">
<div class=""wrap-login"" id=""login-comment"">
<span>Đăng nhập bằng: </span>
<button class=""fb login-fb"" rel=""facebook""><i class=""ic-facebook-f""></i></button>
<button class=""google login-gg"" rel=""google""><i class=""ic-google""></i></button>
<button class=""zalo login-zl"" rel=""zalo""><i class=""ic-zalo-z""></i></button>
<button class=""mail"" id=""login-cms""><i class=""ic-mail""></i></button>
<span>hoặc</span>
<a href=""javascript:void(0);"" class=""register-link"" id=""signup-cms"">Đăng ký</a>
</div>
<a class=""logged-in hidden"" id=""cmt-user-link"" href="""">
Xin chào, <span class=""avatar"" id=""cmt-user-avatar""></span><span class=""name"" id=""cmt-user-name""></span>
</a>
<button class=""btn-submit btnSubmit"">Gửi bình luận</button>
</div>
</div>
<div class=""filter-comment"" style=""display: none;"">
<div class=""total-comment"" id=""total-comment"">0 bình luận</div>
<div class=""wrap-select"">
<label>sắp xếp theo:</label>
<select id=""ddlOrder"">
<option value=""0"">Mới nhất</option>
<option value=""1"">Hay nhất</option>
</select>
</div>
</div>
<div class=""list-comment""></div>
<button data-page=""1"" style=""display:none;"" class=""show-more cms-more"">XEM THÊM BÌNH LUẬN</button>
</div>
</div>
</div>
<div id=""adsWeb_AdsArticleAfterComment"" class=""banner clearfix"" data-platform=""1"" data-position=""Web_AdsArticleAfterComment"" style=""display: none;"">
<script>if(typeof Web_AdsArticleAfterComment!=""undefined""){window.CMS_BANNER.pushAds(Web_AdsArticleAfterComment,""adsWeb_AdsArticleAfterComment"")}else{document.getElementById(""adsWeb_AdsArticleAfterComment"").style.display=""none""};</script>
</div>
</div>
</div>
```"|"khu-vuc-nao-o-nam-trung-bo-tay-nguyen-de-bi-sat-lo-nhat"|"Nguy cơ sạt lở đất cao tại Lâm Đồng, Khánh Hòa và các tỉnh miền Trung do mưa lớn kéo dài. Cần chủ động ứng phó, sơ tán dân để đảm bảo an toàn."|"sạt lở Nam Trung Bộ Tây Nguyên"|"sạt lở, nam trung bộ, mưa lớn, lâm đồng, lũ lụt, thời tiết, thiên tai, cảnh báo sạt lở"|"https://plo.vn/nhieu-khu-vuc-o-nam-trung-bo-tay-nguyen-dang-rat-nhay-cam-voi-sat-lo-post885044.html"
"Làm thế nào để đòi lại tiền từ thiện bị chiếm đoạt?"|"<body>
<p>Cơ quan Cảnh sát điều tra Công an tỉnh Thanh Hóa vừa phát đi thông báo tìm người có quyền lợi, nghĩa vụ liên quan trong vụ án chiếm đoạt tài sản xảy ra tháng 10-2025 có liên quan tới bị can Đoàn Quang Hà (SN 2001; ngụ phố Đăng, xã Long Hưng, tỉnh Hưng Yên), là chủ kênh Fanpage ""Hà và Việt Nam"".</p>
<figure class=""VCSortableInPreviewMode"" type=""Photo"" style="""">
<div data-alt=""Alt SEO: Tình tiết mới vụ án chủ kênh Fanpage &quot;Hà và Việt Nam&quot; chiếm đoạt tiền từ thiện - Ảnh 1."" title=""Tình tiết mới vụ án chủ kênh Fanpage &quot;Hà và Việt Nam&quot; chiếm đoạt tiền từ thiện - Ảnh 1."">
<a href=""https://nld.mediacdn.vn/291774122806476800/2025/12/5/1-17649090171271968400652.png"" data-fancybox=""img-lightbox"" title=""Đào Quang Hà - chủ kênh Fanpage &quot;Hà và Việt Nam&quot; bị công an điều tra làm rõ hành vi lừa đảo tiền từ thiện. Ảnh: Công an tỉnh Thanh Hóa"" target=""_blank"" class=""detail-img-lightbox"">
<img data-author="""" src=""https://nld.mediacdn.vn/thumb_w/698/291774122806476800/2025/12/5/1-17649090171271968400652.png"" id=""img_193730326424211456"" w=""1200"" h=""720"" alt=""Tình tiết mới vụ án chủ kênh Fanpage &quot;Hà và Việt Nam&quot; chiếm đoạt tiền từ thiện - Ảnh 1."" title="""" rel=""lightbox"" photoid=""193730326424211456"" src=""https://nld.mediacdn.vn/291774122806476800/2025/12/5/1-17649090171271968400652.png"" type=""photo"" style=""max-width:100%;"" width=""1200"" height=""720"" loading=""lazy"" class=""lightbox-content""/>
</a>
</div>
<figcaption class=""PhotoCMS_Caption"">
<p data-placeholder=""Nhập chú thích ảnh"" class=""NLPlaceholderShow"">Đào Quang Hà - chủ kênh Fanpage ""Hà và Việt Nam"" bị công an điều tra làm rõ hành vi lừa đảo tiền từ thiện. Ảnh: Công an tỉnh Thanh Hóa</p>
</figcaption>
</figure>
<!-- bonewsrelation -->
<div class=""VCSortableInPreviewMode alignRight"" type=""RelatedNewsBox"" data-style=""align-right"" relatednewsboxtype=""type-2"">
<div class=""kbwscwl-relatedbox type-2 nguoilaodong"">
<ul class=""kbwscwlr-list"">
<li class=""kbwscwlrl"" data-date=""21/10/2025 21:08"" data-id=""196251021201148409"" data-avatar=""https://nld.mediacdn.vn/291774122806476800/2025/10/21/z7141351814405cd09e11b9831cd50e741eb952b3c0bfc-1761052098910317672988-272-0-947-1080-crop-1761052112503181866360.jpg"" data-url=""/chu-kenh-fanpage-ha-va-viet-nam-noi-tieng-co-nao-196251021201148409.htm"" data-title=""Chủ kênh Fanpage "" h="""" v="""" vi="""" nam="""" n="""" ti="""" c="""">
<h4 class=""kbwscwlrl-title"">
<a target=""_blank"" href=""/chu-kenh-fanpage-ha-va-viet-nam-noi-tieng-co-nao-196251021201148409.htm"" class=""title link-callout"">Chủ kênh Fanpage ""Hà và Việt Nam"" nổi tiếng cỡ nào?</a>
</h4>
</li>
</ul>
</div>
</div>
<!-- eonewsrelation -->
<p>Cơ quan Cảnh sát điều tra Công an tỉnh Thanh Hóa cho biết đơn vị đang thụ lý điều tra vụ án ""Lợi dụng quyền tự do dân chủ xâm phạm lợi ích của Nhà nước, quyền, lợi ích hợp pháp của tổ chức, cá nhân"" và ""Lạm dụng tín nhiệm chiếm đoạt tài sản"" xảy ra vào tháng 10-2025 tại Thanh Hóa và một số tỉnh, TP trên cả nước.</p>
<p>Theo tài liệu điều tra, từ năm 2025 đến tháng 10-2025, bị can Đoàn Quang Hà có tham gia một số hoạt động từ thiện, thiện nguyện. Ngày 12-10-2025, Đoàn Quang Hà đã kêu gọi mọi người quyên góp tiền hỗ trợ khắc phục hậu quả thiên tai tại tỉnh Đắk Lắk thông qua Fanpage ""Hà và Việt Nam"".</p>
<p>Để làm rõ các nội dung liên quan, Cơ quan Cảnh sát điều tra Công an tỉnh Thanh Hóa thông báo đến các cá nhân, tổ chức có liên quan đến vụ án. Để được giải quyết, đề nghị liên hệ với điều tra viên thụ lý vụ án là Nguyễn Văn Cường, thuộc Cơ quan Cảnh sát điều tra Công an Thanh Hóa, số điện thoại 0904796889 để phối hợp làm việc.</p>
<p>Trước đó, cuối tháng 10-2025, Công an tỉnh Thanh Hóa đã tạm giữ hình sự Đào Quang Hà để làm rõ hành vi ""Chiếm đoạt tiền từ thiện"" liên quan đến vụ án ""lợi dụng quyền tự do dân chủ, xâm phạm quyền, lợi ích hợp pháp của tổ chức, cá nhân"" mà cơ quan này đang điều tra.</p>
<figure class=""VCSortableInPreviewMode"" type=""Photo"" style="""">
<div data-alt=""Alt SEO: Tình tiết mới vụ án chủ kênh Fanpage &quot;Hà và Việt Nam&quot; chiếm đoạt tiền từ thiện - Ảnh 2."" title=""Tình tiết mới vụ án chủ kênh Fanpage &quot;Hà và Việt Nam&quot; chiếm đoạt tiền từ thiện - Ảnh 2."">
<a href=""https://nld.mediacdn.vn/291774122806476800/2025/12/5/2-1764909139589295574985.png"" data-fancybox=""img-lightbox"" title=""Chủ kênh Fanpage &quot;Hà và Việt Nam&quot;"" target=""_blank"" class=""detail-img-lightbox"">
<img data-author="""" src=""https://nld.mediacdn.vn/thumb_w/698/291774122806476800/2025/12/5/2-1764909139589295574985.png"" id=""img_193730583235031040"" w=""1200"" h=""818"" alt=""Tình tiết mới vụ án chủ kênh Fanpage &quot;Hà và Việt Nam&quot; chiếm đoạt tiền từ thiện - Ảnh 2."" title="""" rel=""lightbox"" photoid=""193730583235031040"" src=""https://nld.mediacdn.vn/291774122806476800/2025/12/5/2-1764909139589295574985.png"" type=""photo"" style=""max-width:100%;"" width=""1200"" height=""818"" loading=""lazy"" class=""lightbox-content""/>
</a>
</div>
<figcaption class=""PhotoCMS_Caption"">
<p data-placeholder=""Nhập chú thích ảnh"" class=""NLPlaceholderShow"">Chủ kênh Fanpage ""Hà và Việt Nam""</p>
</figcaption>
</figure>
<div id=""zone-lmeadybm"">
<div id=""share-lmeadybw"">
<div id=""placement-lpno5t4j"" revenue=""cpm"">
<div id=""banner-lmeadybm-lpno5t52"" style=""min-height: 10px; min-width: 10px;"">
<div id=""slot-1-lmeadybm-lpno5t52"">
<div id=""ssppagebid_15459"" style="""">
<div id=""nativezone_524774_2029401"" data-ssp=""sspbid_2029401"" class=""banner0"" data-admssprqid=""01184lroge27009"" data-location=""5"" data-width=""580"" data-height=""225"" style=""clear: both; width: 332px; position: relative; display: inline-block; margin: 30px 0px; height: 213.429px;"">
<iframe style=""width: 100%; height: 100%; border: none; z-index: 2; position: relative; border-radius: 20px;"" id=""native_ad_ifr_524774_2029401"" src=""javascript:void(0)"" data-bid=""629162"" scrolling=""no"" frameborder=""no""></iframe>
<div class=""closeAds_2029401"">
<a href=""javascript:;"">
<svg width=""16"" height=""16"" viewBox=""0 0 16 16"" fill=""none"" xmlns=""http://www.w3.org/2000/svg"">
<rect width=""16"" height=""16"" rx=""3"" fill=""#F5F5F5""></rect>
<path d=""M10.75 5.25L5.25 10.75"" stroke=""#333333"" stroke-width=""1.2"" stroke-linecap=""round"" stroke-linejoin=""round""></path>
<path d=""M5.25 5.25L10.75 10.75"" stroke=""#333333"" stroke-width=""1.2"" stroke-linecap=""round"" stroke-linejoin=""round""></path>
</svg>
</a>
</div>
</div>
</div>
<script>if (typeof(admsspPosition) == ""undefined"") {_admloadJs(""//media1.admicro.vn/core/ssppage.js"", function () {admsspPosition({sspid:15459,w:0,h:0, group:""15456,15457,15459,15460,15451,15452,15454,15455""}); });} else {admsspPosition({sspid:15459,w:0,h:0, group:""15456,15457,15459,15460,15451,15452,15454,15455"",isNoBrand:false});}</script>
</div>
</div>
</div>
</div>
</div>
</div>
<p>Công an tỉnh Thanh Hóa cho biết Đào Quang Hà là chủ nhân của kênh Fanpage ""Hà và Việt Nam"" và là thành viên của đoàn thiện nguyện tỉnh Đắk Lắk, có vai trò kêu gọi ủng hộ để đoàn tổ chức hoạt động thiện nguyện tại vùng lũ Thái Nguyên vào đầu tháng 10 vừa qua.</p>
<p>Sau khi xảy ra vụ việc xe của đoàn từ thiện va chạm giao thông với xe của một công dân người Thanh Hóa, mặc dù không trực tiếp có mặt chứng kiến vụ việc, nhưng Hà đã đăng tải lại video của đoàn lên trang mạng xã hội cá nhân, thu hút nhiều bình luận trái chiều.</p>
<p>Khi thấy có nhiều bình luận bày tỏ mong muốn được ủng hộ nhà xe của đoàn thiện nguyện khắc phục số tiền 100 triệu đồng đã đền bù cho chủ xe Thanh Hóa, Hà đã công khai số tài khoản cá nhân và đăng bài kêu gọi ủng hộ.</p>
<p>Tuy nhiên, sau khi nhận được số tiền ủng hộ trị giá khoảng 83 triệu đồng từ các nhà hảo tâm, Hà chỉ chuyển cho chủ xe hơn 43 triệu đồng. Số tiền còn lại khoảng 40 triệu đồng, Hà chiếm đoạt sử dụng vào mục đích trả nợ và tiêu xài cá nhân.</p>
<script>
    //Chèn ads giữa bài
    (runinit = window.runinit || []).push(function () {
        //Nếu k chạy ads thì return
        if (typeof _chkPrLink != 'undefined' && _chkPrLink)
            return;

        var adsId = 'lmeadybm';
        var mutexAds = '<zone id=""' + adsId + '""></zone>';
        var content = $('[data-role=""content""]');
        if (content.length > 0) {
            var childNodes = content[0].childNodes;
            for (i = 0; i < childNodes.length; i++) {
                var childNode = childNodes[i];

                var isPhotoOrVideo = false;
                if (childNode.nodeName.toLowerCase() == 'div') {
                    // kiem tra xem co la anh khong?
                    var type = $(childNode).attr('class') + '';

                    if (type.indexOf('VCSortableInPreviewMode') >= 0) {
                        isPhotoOrVideo = true;
                    }
                }

                try {
                    if ((i >= childNodes.length / 2 - 1) && (i < childNodes.length / 2) && !isPhotoOrVideo) {
                        if (i <= childNodes.length - 3) {
                            childNode.after(htmlToElement(mutexAds));
                            arfAsync.push(adsId);
                        }
                        break;
                    }
                }
                catch (e) { }
            }
        }
    });
    function htmlToElement(html) {
        var template = document.createElement('template');
        template.innerHTML = html;
        return template.content.firstChild;
    }
</script>
<div id=""zone-lw61uyys"">
<div id=""share-lw61uyz7""></div>
</div>
<script>
            if (pageSettings.allow3rd) arfAsync.push(""lw61uyys"");
        </script>
</body>"|"lam-the-nao-de-doi-lai-tien-tu-thien-bi-chiem-doat"|"Công an Thanh Hóa tìm người liên quan vụ án Đoàn Quang Hà (Hà và Việt Nam) chiếm đoạt tài sản từ thiện. Ai liên quan, liên hệ điều tra viên Nguyễn Văn Cường."|"chiếm đoạt tiền từ thiện"|"đoàn quang hà, hà và việt nam, chiếm đoạt tài sản, lừa đảo từ thiện, công an thanh hóa, tiền từ thiện, kêu gọi từ thiện, đắk lắk, lợi dụng tín nhiệm"|"https://nld.com.vn/tinh-tiet-moi-vu-an-chu-kenh-fanpage-ha-va-viet-nam-chiem-doat-tien-tu-thien-19625120511365413.htm"
