"link"|"title"|"data"|"meta_tag"|"image"
"https://plo.vn/video/loi-ke-cua-chien-si-pccc-cuu-nu-sinh-truoc-mui-xe-container-mat-lai-post885511.html"|"Dá»±a trÃªn ná»™i dung bÃ i viáº¿t sau, hÃ£y thá»±c hiá»‡n 3 nhiá»‡m vá»¥ **theo Ä‘Ãºng thá»© tá»±** vÃ  **má»—i nhiá»‡m vá»¥ chá»‰ tráº£ vá» 1 giÃ¡ trá»‹**, khÃ´ng giáº£i thÃ­ch thÃªm, vÃ  tráº£ vá» duy nháº¥t **má»™t object JSON** theo Ä‘á»‹nh dáº¡ng:

{
  ""title"": ""Title tá»‘i Æ°u SEO"",
  ""slug"": ""Slug chuáº©n SEO"",
  ""focus_keyphrase"": ""Focus keyphrase tá»‘i Æ°u""
}

---

ğŸ¯ **[1] Táº O TITLE Tá»I Æ¯U SEO**

Sá»­ dá»¥ng táº¥t cáº£ cÃ´ng cá»¥ phÃ¢n tÃ­ch tá»« khÃ³a cÃ³ thá»ƒ truy cáº­p (Google Trends, Google Keyword Planner, KeywordTool.io, Ahrefs, Semrush, Google Analytics náº¿u cÃ³) Ä‘á»ƒ chá»n **title tá»‘i Æ°u** cho bÃ i viáº¿t trong lÄ©nh vá»±c phÃ¡p lÃ½ / luáº­t Viá»‡t Nam, pháº¡m vi tÃ¬m kiáº¿m Viá»‡t Nam, 12 thÃ¡ng gáº§n nháº¥t.

Quy táº¯c:
- Æ¯u tiÃªn tá»« khÃ³a cÃ³ search volume >10.000, náº¿u khÃ´ng cÃ³ thÃ¬ váº«n láº¥y dÆ°á»›i 10.000.
- Title lÃ  **cÃ¢u há»i káº¿t thÃºc báº±ng ?**
- KHÃ”NG sá»­ dá»¥ng dáº¥u hai cháº¥m â€œ:â€.
- KHÃ”NG viáº¿t táº¯t.
- Náº¿u cáº§n thay dáº¥u hai cháº¥m â†’ dÃ¹ng tá»« ná»‘i.

---

ğŸ¯ **[2] Táº O SLUG CHUáº¨N SEO**

Sá»­ dá»¥ng dá»¯ liá»‡u tá»« khÃ³a nhÆ° trÃªn Ä‘á»ƒ chá»n **slug chuáº©n SEO** cho bÃ i viáº¿t.

Quy táº¯c:
- Chá»¯ thÆ°á»ng.
- KhÃ´ng chá»©a /
- KhÃ´ng viáº¿t táº¯t.
- CÃ¡c tá»« ná»‘i báº±ng dáº¥u ""-"".
- Dá»±a vÃ o tá»« khÃ³a cÃ³ search volume cao nháº¥t phÃ¹ há»£p ná»™i dung.

---

ğŸ¯ **[3] Táº O FOCUS KEYPHRASE**

Sá»­ dá»¥ng cÃ¡c cÃ´ng cá»¥ phÃ¢n tÃ­ch tá»« khÃ³a tÆ°Æ¡ng tá»± Ä‘á»ƒ chá»n **focus keyphrase tá»‘i Æ°u** cho bÃ i viáº¿t.

Quy táº¯c:
- DÃ¹ng cá»¥m tá»« chÃ­nh xÃ¡c, sÃ¡t ná»™i dung nháº¥t.
- KhÃ´ng dáº¥u cháº¥m, khÃ´ng kÃ½ tá»± láº¡.
- KhÃ´ng viáº¿t táº¯t.
- Æ¯u tiÃªn search volume >10.000, náº¿u khÃ´ng cÃ³ thÃ¬ chá»n tá»« liÃªn quan nháº¥t.

---

ğŸ“Œ **Cuá»‘i prompt, Ä‘áº·t ná»™i dung bÃ i viáº¿t táº¡i Ä‘Ã¢y:**

Lá»i ká»ƒ cá»§a chiáº¿n sÄ© PCCC cá»©u ná»¯ sinh trÆ°á»›c mÅ©i xe container máº¥t lÃ¡i"|"Báº¡n lÃ  má»™t há»‡ thá»‘ng xá»­ lÃ½ ná»™i dung bÃ¡o chÃ­ vÃ  tá»‘i Æ°u SEO cho website tin tá»©c Viá»‡t Nam.

Nhiá»‡m vá»¥ cá»§a báº¡n: Xá»­ lÃ½ ná»™i dung bÃªn dÆ°á»›i vÃ  tráº£ vá» duy nháº¥t 1 object JSON theo cáº¥u trÃºc:

{
  ""body"": """",
  ""meta"": """",
  ""tags"": """"
}

=========================
YÃŠU Cáº¦U CHO body (HTML sáº¡ch)
=========================

Giá»¯ nguyÃªn Ä‘áº§y Ä‘á»§ ná»™i dung bÃ i viáº¿t.

Chá»‰ táº¡o HTML pháº§n body, khÃ´ng táº¡o <html>, <head>, <body>.

Chuáº©n hÃ³a cáº¥u trÃºc tháº» HTML:

Sá»­ dá»¥ng Ä‘Ãºng: <h1>, <h2>, <h3>, <p>, <ul>, <ol>, <li>, <table>.

LÃ m ná»•i báº­t thÃ´ng tin quan trá»ng báº±ng <strong> hoáº·c <em>.

XÃ³a toÃ n bá»™ kÃ½ hiá»‡u * hoáº·c **.

KhÃ´ng sá»­ dá»¥ng <blockquote>.

Giá»¯ nguyÃªn táº¥t cáº£ hÃ¬nh áº£nh, video vÃ  iframe.

Chuáº©n hÃ³a áº£nh:

Chuyá»ƒn má»i data-src, data-original, lazyload, srcset â†’ src chuáº©n.

Giá»¯ nguyÃªn alt, title, caption.

KhÃ´ng thÃªm:

<title>

<meta>

tá»« khÃ³a SEO

liÃªn káº¿t ngoÃ i

KhÃ´ng tráº£ vá» markdown, khÃ´ng dÃ¹ng ```.

=========================
YÃŠU Cáº¦U CHO meta (Meta Description)
=========================

Viáº¿t Ä‘oáº¡n mÃ´ táº£ 150â€“160 kÃ½ tá»±.

Ná»™i dung xÃºc tÃ­ch, rÃµ rÃ ng, mÃ´ táº£ chÃ­nh xÃ¡c bÃ i viáº¿t.

VÄƒn phong bÃ¡o chÃ­ Viá»‡t Nam.

KhÃ´ng thÃªm tiÃªu Ä‘á», nhÃ£n hoáº·c kÃ½ hiá»‡u.

=========================
YÃŠU Cáº¦U CHO tags (Tags SEO)
=========================

Táº¡o danh sÃ¡ch tá»« khÃ³a SEO liÃªn quan bÃ i viáº¿t.

Táº¥t cáº£ chá»¯ thÆ°á»ng, khÃ´ng viáº¿t táº¯t.

Ngáº¯n gá»n, chá»‰ lÃ  tá»« khÃ³a.

PhÃ¢n tÃ¡ch báº±ng dáº¥u pháº©y.

Chá»‰ tráº£ vá» 1 dÃ²ng duy nháº¥t.

=========================
Äáº¦U RA Báº®T BUá»˜C
=========================

Chá»‰ tráº£ vá» duy nháº¥t object JSON sau:

{
  ""body"": """",
  ""meta"": """",
  ""tags"": """"
}


KhÃ´ng thÃªm text, khÃ´ng giáº£i thÃ­ch.

=========================
Ná»˜I DUNG Gá»C:
=========================
<div class=""l-content""> <div class=""article__sapo cms-desc""> <p>(PLO)- Chiáº¿n sÄ© Nguyá»…n Mai Thi, thuá»™c PhÃ²ng Cáº£nh sÃ¡t PCCC vÃ  CNCH (PC07), CÃ´ng an TP.HCM, Ä‘Ã£ dÅ©ng cáº£m lao ra cá»©u ná»¯ sinh VÃµ Thu TrÃ¢m khá»i mÅ©i xe container máº¥t lÃ¡i trong lÃºc Ä‘Æ¡n vá»‹ Ä‘ang há»— trá»£ kháº¯c phá»¥c háº­u quáº£ bÃ£o lÅ© táº¡i Äáº¯k Láº¯k.<br></p> </div> <div id=""adsWeb_AdsArticleAfterSapo"" class=""banner clearfix"" data-platform=""1"" data-position=""Web_AdsArticleAfterSapo"" style=""display: none;""> <script>if(typeof Web_AdsArticleAfterSapo!=""undefined""){window.CMS_BANNER.pushAds(Web_AdsArticleAfterSapo,""adsWeb_AdsArticleAfterSapo"")}else{document.getElementById(""adsWeb_AdsArticleAfterSapo"").style.display=""none""};</script> </div> <div class=""article__body zce-content-body cms-body "" itemprop=""articleBody""> <p style=""text-align: justify;"">Nhá»¯ng ngÃ y qua, máº¡ng <a href=""https://plo.vn/xa-hoi/"" title=""xÃ£ há»™i"" class=""cms-relate"">xÃ£ há»™i</a> lan truyá»n bá»©c thÆ° cáº£m Æ¡n xÃºc Ä‘á»™ng cá»§a em VÃµ Thu TrÃ¢m (há»c sinh lá»›p 12A2 TrÆ°á»ng THPT Nguyá»…n Khuyáº¿n, xÃ£ XuÃ¢n ÄÃ i, Äáº¯k Láº¯k) gá»­i Ä‘áº¿n chiáº¿n sÄ© Nguyá»…n Mai Thi, ngÆ°á»i Ä‘Ã£ ká»‹p thá»i kÃ©o em ra khá»i mÅ©i <a href=""https://plo.vn/chien-si-canh-sat-pccc-cong-an-tphcm-cuu-nu-sinh-truoc-mui-xe-container-post885337.html"" class=""cms-relate"">xe container máº¥t lÃ¡i</a> Ä‘ang lao tá»›i táº¡i dá»‘c QuÃ½t, xÃ£ XuÃ¢n Thá», trÆ°a 25-11.</p> <figure class=""video""> <div id=""player-wrapper-1""><div class=""--z--player"" data-player="""" tabindex=""1"" style=""
                width: 100%;
                height: 438px
            ""><video data-html5-video="""" src=""https://streaming-cms-plo.epicdn.me/8e8bd164dd54f086005d01dfcf0a2fe1/69385590/2025_12_07/7302087545290_0.mp4"" preload=""metadata""></video><div class=""--z--zpl-settings-menu""><div class=""--z--zpl-panel""></div></div><div class=""--z--controls-wrapper --z--hide""><div class=""--z--controls""><div class=""--z--progress-bar""><span class=""--z--bar --z--bar-bg""></span><span class=""--z--bar --z--bar-fill-load"" style=""width: 7.33534%;""></span><span class=""--z--bar --z--bar-fill-recent""><span class=""--z--bullet""></span></span><span class=""--z--seek-time --z--hide"">00:00</span></div><div class=""--z--control-left""><button class=""--z--control --z--btn --z--control-play""><span class=""--z--icon pl-ic-play_arrow""></span></button><div class=""--z--control --z--control-volume --z--hide-animation""><button class=""--z--control --z--btn --z--volume-icon""><span class=""--z--icon pl-ic-volume_up""></span></button><span class=""--z--volume-bar""><span class=""--z--bar --z--bar-bg""></span><span class=""--z--bar --z--bar-fill-recent"" style=""width: 100%;""><span class=""--z--bullet""></span></span></span></div><div class=""--z--control --z--control-time""><span>00:00</span><span>/</span><span>00:22</span></div></div><div class=""--z--control-right""><div class=""--z--control --z--control-settings --z--hide""><button class=""--z--btn --z--btn-settings"" title=""CÃ i Ä‘áº·t""><span class=""--z--icon pl-ic-settings""></span><span class=""--z--badge""></span></button></div><button class=""--z--control --z--btn --z--control-full-screen"" title=""ToÃ n mÃ n hÃ¬nh""><span class=""--z--icon pl-ic-fullscreen""></span></button></div></div></div><div class=""--z--player-poster"" style=""background-image : url(https://image.plo.vn/w850/Uploaded/2025/wohtohp/2025_12_07/z7302086663206-49d7da0759dabc304103b77b952cff42-8583-8960.jpg.webp);""><div class=""--z--poster-controls --z--play-wrapper --z--active""></div></div><button class=""--z--big-play-button"" type=""button"" title=""PhÃ¡t""><span class=""--z--icon pl-ic-play_arrow""></span></button><button class=""--z--playpause-fadeout"" type=""button""><span class=""--z--icon pl-ic-play_arrow""></span></button><div class=""--z--loading-wrapper"" style=""display: none;""><div class=""--z--pie-progress-size""><div class=""--z--pie-wrapper --z--progress-1"">
                <div class=""--z--pie"">
                    <div class=""--z--left-side --z--half-circle""></div>
                    <div class=""--z--right-side --z--half-circle""></div>
                </div>
                <div class=""--z--shadow""></div>
                </div></div></div></div></div> <figcaption> VIDEO: Chiáº¿n sÄ© Cáº£nh sÃ¡t PCCC vÃ  CNCH (PC07), <a href=""https://plo.vn/cong-an-tphcm-tag24388.html"" title=""CÃ´ng an TP.HCM"" class=""cms-relate"">CÃ´ng an TP.HCM</a> cá»©u ná»¯ sinh trÆ°á»›c mÅ©i xe container máº¥t lÃ¡i. </figcaption> </figure> <h2 id=""tocid_1""><b>Chá»‰ cÃ³ vÃ i giÃ¢y Ä‘á»ƒ quyáº¿t Ä‘á»‹nh</b></h2> <p style=""text-align: justify;""><a href=""https://plo.vn/giao-luu-truc-tuyen/"" title=""Trao Ä‘á»•i"" class=""cms-relate"">Trao Ä‘á»•i</a> vá»›i phÃ³ng viÃªn <i>PLO</i>, chiáº¿n sÄ© Nguyá»…n Mai Thi (21 tuá»•i, ngá»¥ TP.HCM), thuá»™c Äá»™i Cáº£nh sÃ¡t PCCC vÃ  CNCH khu vá»±c 19 (PC07), CÃ´ng an TP.HCM, báº£o trong khoáº£nh kháº¯c sinh tá»­ áº¥y anh chá»‰ cÃ³ vÃ i giÃ¢y Ä‘á»ƒ quyáº¿t Ä‘á»‹nh.</p> <p style=""text-align: justify;"">â€œLÃºc phÃ¡t hiá»‡n em TrÃ¢m vÃ  chiáº¿c container Ä‘ang lao xuá»‘ng ráº¥t nhanh, trong Ä‘áº§u em chá»‰ ká»‹p nghÄ© pháº£i lao tá»›i ngay. Báº£n nÄƒng vÃ  trÃ¡ch nhiá»‡m cá»§a má»™t chiáº¿n sÄ© khiáº¿n em pháº£i pháº£n xáº¡ láº­p tá»©c, kÃ©o náº¡n nhÃ¢n ra khá»i vÃ¹ng <a href=""https://plo.vn/khu-vuc-nguy-hiem-tag238438.html"" class=""cms-relate"">nguy hiá»ƒm</a>â€- chiáº¿n sÄ© Thi ká»ƒ láº¡i.</p> <figure> <img src=""data:image/gif;base64,R0lGODlhAQABAAAAACH5BAEKAAEALAAAAAABAAEAAAICTAEAOw=="" id=""2378989"" alt=""z7302086988618_52e48a514282e7904adad370c2ec325c.jpg"" data-width=""2040"" data-height=""1530"" data-image-id=""2378989"" class=""lazyload cms-photo"" data-src=""https://image.plo.vn/w850/Uploaded/2025/wohtohp/2025_12_07/z7302086988618-52e48a514282e7904adad370c2ec325c-3384-3764.jpg.webp"" title=""Chiáº¿n sÄ© Nguyá»…n Mai Thi (21 tuá»•i, ngá»¥ TP.HCM), thuá»™c Äá»™i Cáº£nh sÃ¡t PCCC vÃ  CNCH khu vá»±c 19 (PC07), CÃ´ng an TP.HCM.""> <figcaption> Chiáº¿n sÄ© Nguyá»…n Mai Thi (21 tuá»•i, ngá»¥ TP.HCM), thuá»™c Äá»™i Cáº£nh sÃ¡t PCCC vÃ  CNCH khu vá»±c 19 (PC07), CÃ´ng an TP.HCM. </figcaption> </figure> <p style=""text-align: justify;"">Thá»i Ä‘iá»ƒm Ä‘Ã³, cÃ¡c phÆ°Æ¡ng tiá»‡n chuyÃªn dá»¥ng vÃ  cÃ¡n bá»™, chiáº¿n sÄ© thuá»™c PC07 Ä‘ang há»— trá»£ ngÆ°á»i dÃ¢n kháº¯c phá»¥c háº­u quáº£ sau lÅ© gÃ¢y ra.</p> <p style=""text-align: justify;"">LÃºc nÃ y, chiáº¿n sÄ© Thi Ä‘Æ°á»£c phÃ¢n cÃ´ng Ä‘á»©ng phÃ­a trÆ°á»›c Ä‘á»ƒ ra tÃ­n hiá»‡u <a href=""https://plo.vn/canh-bao-tag15493.html"" class=""cms-relate"">cáº£nh bÃ¡o</a> cÃ¡c phÆ°Æ¡ng tiá»‡n cÃ¹ng chiá»u nháº­n biáº¿t khu vá»±c cÃ³ váº­t cáº£n, giÃºp ngÆ°á»i dÃ¢n di chuyá»ƒn an toÃ n. Tuy nhiÃªn, <a href=""https://plo.vn/quoc-te/su-kien/"" title=""diá»…n biáº¿n"" class=""cms-relate"">diá»…n biáº¿n</a> sá»± cá»‘ quÃ¡ nhanh khiáº¿n tÃ¬nh huá»‘ng trá»Ÿ nÃªn nguy hiá»ƒm ngoÃ i dá»± Ä‘oÃ¡n.</p> <div class=""ads_middle""> <div id=""adsWeb_AdsArticleMiddle"" class=""banner fyi"" data-position=""Web_AdsArticleMiddle""> <script>if(typeof Web_AdsArticleMiddle!=""undefined""){window.CMS_BANNER.pushAds(Web_AdsArticleMiddle,""adsWeb_AdsArticleMiddle"")}else{document.getElementById(""adsWeb_AdsArticleMiddle"").style.display=""none""};</script><div id=""Web_AdsArticleMiddle_1"" data-id=""2737"" data-name=""dable.io-giua-bai"" data-position=""Web_AdsArticleMiddle"" data-index=""1"" align=""center"" class=""adsitem banner_show"" style=""position: relative;"" rel=""2737"" tag=""dable.io-giua-bai"">
<div onclick=""document.getElementById('Web_AdsArticleMiddle_1').parentNode.style.display = 'none';"" class=""ads_close"" style=""background: #fff;z-index: 50;position: absolute;bottom: 0;right: 0;padding: 0 5px;border-radius: 2px;font-size: 14px;"" title=""ÄÃ³ng""><i>Ã—</i></div></div> </div> </div> <p style=""text-align: justify;"">Sau khi kÃ©o Ä‘Æ°á»£c ná»¯ sinh TrÃ¢m ra khá»i Ä‘áº§u xe <a href=""https://plo.vn/container-tag25910.html"" class=""cms-relate"">container</a>, anh Thi láº­p tá»©c cháº¡y láº¡i vá»‹ trÃ­ Ä‘á»“ng Ä‘á»™i thÃ¬ nháº­n ra Trung tÃ¡ Nguyá»…n Quang Minh, PhÃ³ Äá»™i trÆ°á»Ÿng Äá»™i PCCC vÃ  CNCH khu vá»±c 19, Ä‘Ã£ bá»‹ chiáº¿c container tÃ´ng trÃºng cá»™t Ä‘iá»‡n khiáº¿n cá»™t Ä‘Ã¨n Ä‘á»• Ä‘Ã¨ lÃªn ngÆ°á»i.</p> <p style=""text-align: justify;"">â€œBiáº¿t em TrÃ¢m Ä‘Ã£ an toÃ n, em cháº¡y Ä‘áº¿n chá»— anh Minh ngay. Khi Ä‘Ã³ má»i ngÆ°á»i cá»‘ gáº¯ng tÃ¬m phÆ°Æ¡ng tiá»‡n Ä‘Æ°a anh Ä‘i cáº¥p cá»©u, rá»“i láº¡i quay vá» há»— trá»£ ngÆ°á»i dÃ¢n hoÃ n thÃ nh nhiá»‡m vá»¥â€- anh Thi nÃ³i.</p> <p style=""text-align: justify;"">Äá»™i cÃ´ng tÃ¡c Ä‘ang trong <a href=""https://dentrenbien.plo.vn/hanh-trinh.html"" title=""hÃ nh trÃ¬nh"" class=""cms-relate"">hÃ nh trÃ¬nh</a> 12 ngÃ y há»— trá»£ ngÆ°á»i dÃ¢n Äáº¯k Láº¯k kháº¯c phá»¥c háº­u quáº£ bÃ£o lÅ©, vá»›i chiáº¿n sÄ© Mai Thi, khoáº£nh kháº¯c ngÃ y 25-11 lÃ  Ä‘iá»u khÃ³ quÃªn trong cuá»™c Ä‘á»i anh.</p> <h3 id=""tocid_2"">""Cháº­m pháº£n xáº¡ má»™t chÃºt, ngÆ°á»i Ã¢n háº­n suá»‘t Ä‘á»i sáº½ lÃ  em""<br></h3> <p style=""text-align: justify;"">Anh Thi chia sáº» báº£n thÃ¢n má»›i vÃ o ngÃ nh Ä‘Æ°á»£c gáº§n hai nÄƒm, nhÆ°ng luÃ´n tÃ¢m niá»‡m: LÃ m viá»‡c gÃ¬ cÅ©ng pháº£i Ä‘áº·t an toÃ n cá»§a ngÆ°á»i dÃ¢n lÃªn trÆ°á»›c. Äáº·c biá»‡t khi thiÃªn tai vá»«a xáº£y ra, em cÃ ng pháº£i lÃ m tá»‘t hÆ¡n nhiá»‡m vá»¥ cá»§a mÃ¬nh.</p> <p style=""text-align: justify;"">â€œNáº¿u lÃºc Ä‘Ã³, em cháº­m pháº£n xáº¡ má»™t chÃºt, ngÆ°á»i Ã¢n háº­n suá»‘t Ä‘á»i sáº½ lÃ  em. ÄÃ¢y lÃ  trÃ¡ch nhiá»‡m, lÃ  tinh tháº§n cá»§a ngÆ°á»i chiáº¿n sÄ© cÃ´ng an nhÃ¢n dÃ¢n, nháº¥t lÃ  khi Ä‘ang khoÃ¡c trÃªn mÃ¬nh trang phá»¥c Cáº£nh sÃ¡t PCCC vÃ  CNCHâ€- anh Thi tÃ¢m sá»±.</p> <figure> <img src=""data:image/gif;base64,R0lGODlhAQABAAAAACH5BAEKAAEALAAAAAABAAEAAAICTAEAOw=="" id=""2378990"" alt=""z7302086989607_fe6ff67287d03e4d5d441b2cc27901d5.jpg"" data-width=""2046"" data-height=""1364"" data-image-id=""2378990"" class=""lazyload cms-photo"" data-src=""https://image.plo.vn/w850/Uploaded/2025/wohtohp/2025_12_07/z7302086989607-fe6ff67287d03e4d5d441b2cc27901d5-987-5773.jpg.webp"" title=""HÃ¬nh áº£nh chiáº¿n sÄ© Nguyá»…n Mai Thi trong má»™t láº§n cÃ´ng tÃ¡c chá»¯a chÃ¡y.""> <figcaption> <a href=""https://plo.vn/lens/"" title=""HÃ¬nh áº£nh"" class=""cms-relate"">HÃ¬nh áº£nh</a> chiáº¿n sÄ© Nguyá»…n Mai Thi trong má»™t láº§n cÃ´ng tÃ¡c chá»¯a chÃ¡y. </figcaption> </figure> <div class=""ads_middle""> <div id=""adsWeb_AdsArticleMiddle1"" class=""banner fyi"" data-position=""Web_AdsArticleMiddle1"" style=""display: none;""> <script>if(typeof Web_AdsArticleMiddle1!=""undefined""){window.CMS_BANNER.pushAds(Web_AdsArticleMiddle1,""adsWeb_AdsArticleMiddle1"")}else{document.getElementById(""adsWeb_AdsArticleMiddle1"").style.display=""none""};</script> </div> </div> <p style=""text-align: justify;"">Sau sá»± viá»‡c, khi Ä‘á»c Ä‘Æ°á»£c bá»©c tÃ¢m thÆ° TrÃ¢m gá»­i vá» Ä‘Æ¡n vá»‹, anh Thi cho biáº¿t ráº¥t xÃºc Ä‘á»™ng vÃ  vui vÃ¬ â€œÄ‘Ã£ gÃ³p Ä‘Æ°á»£c má»™t pháº§n nhá» cho xÃ£ há»™iâ€.</p> <p style=""text-align: justify;"">Trong tÃ¢m thÆ°, ná»¯ sinh ká»ƒ láº¡i thá»i Ä‘iá»ƒm khoáº£ng 13 giá» 5 phÃºt ngÃ y 25-11, khi Ä‘ang lÃ¡i <a href=""https://plo.vn/xe-lai/the-gioi-xe/"" title=""xe mÃ¡y"" class=""cms-relate"">xe mÃ¡y</a> xuá»‘ng dá»‘c thÃ¬ tháº¥y xe chá»¯a chÃ¡y báº­t tÃ­n hiá»‡u kháº©n cáº¥p vÃ  má»™t chiáº¿n sÄ© Ä‘ang Ä‘iá»u tiáº¿t giao thÃ´ng. </p> <p style=""text-align: justify;"">Khi cÃ²n cÃ¡ch khoáº£ng 3 m, chiáº¿n sÄ© báº¥t ngá» lao tá»›i kÃ©o em ra khá»i lÃ n xe. Ngay láº­p tá»©c, chiáº¿c container phÃ­a sau lao tá»›i, tÃ´ng vÃ o lá» Ä‘Æ°á»ng vÃ  Ä‘Ã¢m gÃ£y trá»¥ Ä‘Ã¨n chiáº¿u sÃ¡ng.</p> <p style=""text-align: justify;"">CÃº tÃ´ng khiáº¿n Trung tÃ¡ Nguyá»…n Quang Minh bá»‹ Ä‘a cháº¥n thÆ°Æ¡ng vÃ  pháº£i nháº­p viá»‡n cáº¥p cá»©u. Chiáº¿c container chá»‰ dá»«ng láº¡i sau khi tiáº¿p tá»¥c lao thÃªm gáº§n 100 m.</p> <p style=""text-align: justify;"">â€œNhá» anh chiáº¿n sÄ© ká»‹p thá»i báº¿ vÃ  kÃ©o chÃ¡u ra khá»i vÃ¹ng nguy hiá»ƒm mÃ  chÃ¡u thoÃ¡t náº¡n. Náº¿u khÃ´ng cÃ³ anh, chÃ¡u khÃ´ng biáº¿t giá» mÃ¬nh cÃ²n cÃ³ máº·t trÃªn cuá»™c Ä‘á»i nÃ y hay khÃ´ngâ€ â€“ Thu TrÃ¢m viáº¿t trong thÆ° cáº£m Æ¡n.</p> <p style=""text-align: justify;"">Sau sá»± viá»‡c, TrÃ¢m má»›i biáº¿t ngÆ°á»i cá»©u mÃ¬nh lÃ  chiáº¿n sÄ© Nguyá»…n Mai Thi, thÃ nh viÃªn Ä‘oÃ n cÃ´ng tÃ¡c cá»§a Äá»™i PCCC vÃ  CNCH khu vá»±c 19, <a href=""https://plo.vn/cong-an-tphcm-tag24378.html"" class=""cms-relate"">CÃ´ng an TP.HCM</a>, Ä‘Æ°á»£c Ä‘iá»u Ä‘á»™ng Ä‘áº¿n há»— trá»£ ngÆ°á»i dÃ¢n vÃ¹ng lÅ© dá»n dáº¹p, kháº¯c phá»¥c háº­u quáº£ vÃ  trao quÃ  cá»©u trá»£ táº¡i cÃ¡c xÃ£, phÆ°á»ng phÃ­a ÄÃ´ng Äáº¯k Láº¯k.</p> <figure> <img src=""data:image/gif;base64,R0lGODlhAQABAAAAACH5BAEKAAEALAAAAAABAAEAAAICTAEAOw=="" id=""2379497"" alt=""z7306169275440_a8eb5c921b98df1af5096cfe03dbac2e.jpg"" data-width=""1922"" data-height=""2017"" data-image-id=""2379497"" class=""lazyload cms-photo"" data-src=""https://image.plo.vn/w850/Uploaded/2025/wohtohp/2025_12_08/z7306169275440-a8eb5c921b98df1af5096cfe03dbac2e-954-7047.jpg.webp"" title=""Chiáº¿n sÄ© Nguyá»…n Mai Thi (21 tuá»•i, ngá»¥ TP.HCM), thuá»™c Äá»™i Cáº£nh sÃ¡t PCCC vÃ  CNCH khu vá»±c 19 (PC07), CÃ´ng an TP.HCM. HÃ nh Ä‘á»™ng quáº£ cáº£m giá»¯a tÃ¢m Ä‘iá»ƒm vÃ¹ng thiÃªn tai.""> <figcaption> Chiáº¿n sÄ© Nguyá»…n Mai Thi (21 tuá»•i, ngá»¥ TP.HCM), thuá»™c Äá»™i Cáº£nh sÃ¡t PCCC vÃ  CNCH khu vá»±c 19 (PC07), CÃ´ng an TP.HCM. HÃ nh Ä‘á»™ng quáº£ cáº£m giá»¯a tÃ¢m Ä‘iá»ƒm vÃ¹ng thiÃªn tai. </figcaption> </figure> <div class=""ads_middle""> <div id=""adsWeb_AdsArticleMiddle2"" class=""banner fyi"" data-position=""Web_AdsArticleMiddle2"" style=""display: none;""> <script>if(typeof Web_AdsArticleMiddle2!=""undefined""){window.CMS_BANNER.pushAds(Web_AdsArticleMiddle2,""adsWeb_AdsArticleMiddle2"")}else{document.getElementById(""adsWeb_AdsArticleMiddle2"").style.display=""none""};</script> </div> </div> <div class=""article-relate"" data-source=""related-news"" data-tag=""PC_Detail_BoxTLQ_Inview""> <article class=""story""> <figure class=""story__thumb""> <a class=""cms-link"" href=""https://plo.vn/video-thot-tim-canh-chien-si-canh-sat-pccc-cong-an-tphcm-cuu-nu-sinh-truoc-dau-xe-container-post885357.html"" title=""Video: ThÃ³t tim cáº£nh chiáº¿n sÄ© Cáº£nh sÃ¡t PCCC CÃ´ng an TP.HCM cá»©u ná»¯ sinh trÆ°á»›c Ä‘áº§u xe container""> <img class=""lazyload "" src=""data:image/gif;base64,R0lGODlhAQABAAAAACH5BAEKAAEALAAAAAABAAEAAAICTAEAOw=="" data-src=""https://image.plo.vn/200x130/Uploaded/2025/drkxraekxq/2025_12_07/canh-sat-pccc-4013-970.jpg.webp"" alt=""Video: ThÃ³t tim cáº£nh chiáº¿n sÄ© Cáº£nh sÃ¡t PCCC CÃ´ng an TP.HCM cá»©u ná»¯ sinh trÆ°á»›c Ä‘áº§u xe container""> </a> </figure> <h2 class=""story__heading"" data-tracking=""885357""> <a class=""cms-link"" href=""https://plo.vn/video-thot-tim-canh-chien-si-canh-sat-pccc-cong-an-tphcm-cuu-nu-sinh-truoc-dau-xe-container-post885357.html"" title=""Video: ThÃ³t tim cáº£nh chiáº¿n sÄ© Cáº£nh sÃ¡t PCCC CÃ´ng an TP.HCM cá»©u ná»¯ sinh trÆ°á»›c Ä‘áº§u xe container""> Video: ThÃ³t tim cáº£nh chiáº¿n sÄ© Cáº£nh sÃ¡t PCCC CÃ´ng an TP.HCM cá»©u ná»¯ sinh trÆ°á»›c Ä‘áº§u xe container<i class=""ic-type-video""></i> </a> </h2> <div class=""story__summary story__shorten""> <p>(PLO)-&nbsp;Chiáº¿n sÄ© Cáº£nh sÃ¡t PCCC Nguyá»…n Mai Thi, PhÃ²ng Cáº£nh sÃ¡t PCCC vÃ  CNCH (PC07), CÃ´ng an TP.HCM, ngÆ°á»i Ä‘Ã£ dÅ©ng cáº£m cá»©u ná»¯ sinh VÃµ Thu TrÃ¢m trÆ°á»›c mÅ©i xe container lao tá»›i khi Ä‘ang há»— trá»£ kháº¯c phá»¥c háº­u quáº£ bÃ£o lÅ© táº¡i Äáº¯k Láº¯k.</p> </div> </article> </div> <div class=""article-relate"" data-source=""related-news"" data-tag=""PC_Detail_BoxTLQ_Inview""> <article class=""story""> <figure class=""story__thumb""> <a class=""cms-link"" href=""https://plo.vn/chien-si-canh-sat-pccc-cong-an-tphcm-cuu-nu-sinh-truoc-mui-xe-container-post885337.html"" title=""Chiáº¿n sÄ© Cáº£nh sÃ¡t PCCC CÃ´ng an TP.HCM cá»©u ná»¯ sinh trÆ°á»›c mÅ©i xe container ""> <img class=""lazyload "" src=""data:image/gif;base64,R0lGODlhAQABAAAAACH5BAEKAAEALAAAAAABAAEAAAICTAEAOw=="" data-src=""https://image.plo.vn/200x130/Uploaded/2025/znaebe/2025_12_07/chien-si-canh-sat-pccc-cong-an-tp-hcm-cuu-nu-sinh-truoc-mui-xe-container-5798-6734.jpg.webp"" alt=""Chiáº¿n sÄ© Cáº£nh sÃ¡t PCCC CÃ´ng an TP.HCM cá»©u ná»¯ sinh trÆ°á»›c mÅ©i xe container ""> </a> </figure> <h2 class=""story__heading"" data-tracking=""885337""> <a class=""cms-link"" href=""https://plo.vn/chien-si-canh-sat-pccc-cong-an-tphcm-cuu-nu-sinh-truoc-mui-xe-container-post885337.html"" title=""Chiáº¿n sÄ© Cáº£nh sÃ¡t PCCC CÃ´ng an TP.HCM cá»©u ná»¯ sinh trÆ°á»›c mÅ©i xe container ""> Chiáº¿n sÄ© Cáº£nh sÃ¡t PCCC CÃ´ng an TP.HCM cá»©u ná»¯ sinh trÆ°á»›c mÅ©i xe container <i class=""ic-type-video""></i><i class=""ic-type-img""></i> </a> </h2> <div class=""story__summary story__shorten""> <p>(PLO)- Chiáº¿n sÄ© Nguyá»…n Mai Thi, PhÃ²ng Cáº£nh sÃ¡t PCCC vÃ  CNCH (PC07), CÃ´ng an TP.HCM â€“ ngÆ°á»i Ä‘Ã£ dÅ©ng cáº£m cá»©u ná»¯ sinh VÃµ Thu TrÃ¢m trÆ°á»›c mÅ©i xe container lao tá»›i khi Ä‘ang há»— trá»£ kháº¯c phá»¥c háº­u quáº£ bÃ£o lÅ© táº¡i Äáº¯k Láº¯k.<br></p> </div> </article> </div> <div class=""article__author cms-author""> NGUYá»„N TÃ‚N - PHáº M Háº¢I </div> <div id=""adsWeb_AdsArticleAfterBody"" class=""banner clearfix"" data-platform=""1"" data-position=""Web_AdsArticleAfterBody""> <script>if(typeof Web_AdsArticleAfterBody!=""undefined""){window.CMS_BANNER.pushAds(Web_AdsArticleAfterBody,""adsWeb_AdsArticleAfterBody"")}else{document.getElementById(""adsWeb_AdsArticleAfterBody"").style.display=""none""};</script><div id=""Web_AdsArticleAfterBody_0"" data-id=""4612"" data-name=""DC-duoi-tac-gia "" data-position=""Web_AdsArticleAfterBody"" data-index=""0"" align=""center"" class=""adsitem banner_show"" style=""position: relative;"" rel=""4612"" tag=""DC-duoi-tac-gia "">
<div data-type=""_mgwidget"" data-widget-id=""1344616""></div> 
<script>(function(w,q){w[q]=w[q]||[];w[q].push([""_mgc.load""])})(window,""_mgq"");</script><div onclick=""document.getElementById('Web_AdsArticleAfterBody_0').parentNode.style.display = 'none';"" class=""ads_close"" style=""background: #fff;z-index: 50;position: absolute;bottom: 0;right: 0;padding: 0 5px;border-radius: 2px;font-size: 14px;"" title=""ÄÃ³ng""><i>Ã—</i></div></div> </div> </div> <div class=""article__footer""> <div class=""related-news""> <div class=""box-heading""><span class=""title"">Tin liÃªn quan</span></div> <div class=""box-content"" data-source=""related-news"" data-tag=""PC_Detail_ListTLQ""> <article class=""story no-photo""> <h2 class=""story__heading"" data-tracking=""885357""> <a class=""cms-link"" href=""https://plo.vn/video-thot-tim-canh-chien-si-canh-sat-pccc-cong-an-tphcm-cuu-nu-sinh-truoc-dau-xe-container-post885357.html"" title=""Video: ThÃ³t tim cáº£nh chiáº¿n sÄ© Cáº£nh sÃ¡t PCCC CÃ´ng an TP.HCM cá»©u ná»¯ sinh trÆ°á»›c Ä‘áº§u xe container""> Video: ThÃ³t tim cáº£nh chiáº¿n sÄ© Cáº£nh sÃ¡t PCCC CÃ´ng an TP.HCM cá»©u ná»¯ sinh trÆ°á»›c Ä‘áº§u xe container<i class=""ic-type-video""></i> </a> </h2> </article> <article class=""story no-photo""> <h2 class=""story__heading"" data-tracking=""885337""> <a class=""cms-link"" href=""https://plo.vn/chien-si-canh-sat-pccc-cong-an-tphcm-cuu-nu-sinh-truoc-mui-xe-container-post885337.html"" title=""Chiáº¿n sÄ© Cáº£nh sÃ¡t PCCC CÃ´ng an TP.HCM cá»©u ná»¯ sinh trÆ°á»›c mÅ©i xe container ""> Chiáº¿n sÄ© Cáº£nh sÃ¡t PCCC CÃ´ng an TP.HCM cá»©u ná»¯ sinh trÆ°á»›c mÅ©i xe container <i class=""ic-type-video""></i><i class=""ic-type-img""></i> </a> </h2> </article> <article class=""story no-photo""> <h2 class=""story__heading"" data-tracking=""885342""> <a class=""cms-link"" href=""https://plo.vn/tphcm-siet-chat-pccc-xu-ly-chuong-cop-sau-nhieu-vu-chay-post885342.html"" title=""TP.HCM siáº¿t cháº·t PCCC, xá»­ lÃ½ â€˜chuá»“ng cá»pâ€™ sau nhiá»u vá»¥ chÃ¡y ""> TP.HCM siáº¿t cháº·t PCCC, xá»­ lÃ½ â€˜chuá»“ng cá»pâ€™ sau nhiá»u vá»¥ chÃ¡y </a> </h2> </article> </div> </div> <div id=""adsWeb_AdsArticleAfterRelated"" class=""banner clearfix"" data-platform=""1"" data-position=""Web_AdsArticleAfterRelated"" style=""display: none;""> <script>if(typeof Web_AdsArticleAfterRelated!=""undefined""){window.CMS_BANNER.pushAds(Web_AdsArticleAfterRelated,""adsWeb_AdsArticleAfterRelated"")}else{document.getElementById(""adsWeb_AdsArticleAfterRelated"").style.display=""none""};</script> </div> <div class=""article__tag""> <h3 class=""box-heading""> <span class=""title"">tá»« khÃ³a</span> </h3> <div class=""box-content""> <a href=""https://plo.vn/chien-si-tag19366.html"" title=""chiáº¿n sÄ©"">#chiáº¿n sÄ©</a> <a href=""https://plo.vn/nu-sinh-tag73391.html"" title=""ná»¯ sinh"">#ná»¯ sinh</a> <a href=""https://plo.vn/cuu-tag27586.html"" title=""cá»©u"">#cá»©u</a> <a href=""https://plo.vn/xe-container-mat-lai-tag489266.html"" title=""xe container máº¥t lÃ¡i"">#xe container máº¥t lÃ¡i</a> <a href=""https://plo.vn/chien-si-nguyen-mai-thi-tag756015.html"" title=""chiáº¿n sÄ© Nguyá»…n Mai Thi"">#chiáº¿n sÄ© Nguyá»…n Mai Thi</a> <a href=""https://plo.vn/pc07-tag754139.html"" title=""PC07"">#PC07</a> </div> </div> <div id=""adsWeb_AdsArticleAfterTag"" class=""banner clearfix"" data-platform=""1"" data-position=""Web_AdsArticleAfterTag""> <script>if(typeof Web_AdsArticleAfterTag!=""undefined""){window.CMS_BANNER.pushAds(Web_AdsArticleAfterTag,""adsWeb_AdsArticleAfterTag"")}else{document.getElementById(""adsWeb_AdsArticleAfterTag"").style.display=""none""};</script><div id=""Web_AdsArticleAfterTag_0"" data-id=""4433"" data-name=""DC Duoi Tag"" data-position=""Web_AdsArticleAfterTag"" data-index=""0"" align=""center"" class=""adsitem banner_show"" style=""position: relative;"" rel=""4433"" tag=""DC Duoi Tag"">
<div id=""M803507ScriptRootC1306417""> 
</div> 
<script src=""https://jsc.mgid.com/p/l/plo.vn.1306417.js"" async=""""> 
 </script><div onclick=""document.getElementById('Web_AdsArticleAfterTag_0').parentNode.style.display = 'none';"" class=""ads_close"" style=""background: #fff;z-index: 50;position: absolute;bottom: 0;right: 0;padding: 0 5px;border-radius: 2px;font-size: 14px;"" title=""ÄÃ³ng""><i>Ã—</i></div></div> </div> <div class=""wrap-comment"" id=""comment885511"" data-id=""885511"" data-type=""20""><div id=""comment-885511"" class=""article__comment""><div class=""box-heading""><span class=""title"">BÃ¬nh luáº­n</span></div><div class=""box-content""> <div class=""input-comment input"">     <textarea rows=""3"" placeholder=""Xin vui lÃ²ng gÃµ tiáº¿ng Viá»‡t cÃ³ dáº¥u""></textarea>     <div class=""note-btn"">         <div class=""wrap-login"" id=""login-comment"">            <span>ÄÄƒng nháº­p báº±ng: </span>            <button class=""fb login-fb"" rel=""facebook""><i class=""ic-facebook-f""></i></button>            <button class=""google login-gg"" rel=""google""><i class=""ic-google""></i></button>            <button class=""zalo login-zl"" rel=""zalo""><i class=""ic-zalo-z""></i></button>            <button class=""mail"" id=""login-cms""><i class=""ic-mail""></i></button>            <span>hoáº·c</span>            <a href=""javascript:void(0);"" class=""register-link"" id=""signup-cms"">ÄÄƒng kÃ½</a>         </div>         <a class=""logged-in hidden"" id=""cmt-user-link"" href="""">             Xin chÃ o, <span class=""avatar"" id=""cmt-user-avatar""></span><span class=""name"" id=""cmt-user-name""></span>         </a>         <button class=""btn-submit btnSubmit"">Gá»­i bÃ¬nh luáº­n</button>     </div> </div><div class=""filter-comment"" style=""display: none;"">     <div class=""total-comment"" id=""total-comment"">0 bÃ¬nh luáº­n</div>     <div class=""wrap-select"">         <label>sáº¯p xáº¿p theo:</label>         <select id=""ddlOrder"">              <option value=""0"">Má»›i nháº¥t</option>              <option value=""1"">Hay nháº¥t</option>         </select>     </div></div><div class=""list-comment""></div><button data-page=""1"" style=""display:none;"" class=""show-more cms-more"">XEM THÃŠM BÃŒNH LUáº¬N</button></div></div></div> <div id=""adsWeb_AdsArticleAfterComment"" class=""banner clearfix"" data-platform=""1"" data-position=""Web_AdsArticleAfterComment"" style=""display: none;""> <script>if(typeof Web_AdsArticleAfterComment!=""undefined""){window.CMS_BANNER.pushAds(Web_AdsArticleAfterComment,""adsWeb_AdsArticleAfterComment"")}else{document.getElementById(""adsWeb_AdsArticleAfterComment"").style.display=""none""};</script> </div> </div> </div>"|"
Báº¡n lÃ  má»™t há»‡ thá»‘ng tá»‘i Æ°u SEO cho website tin tá»©c Viá»‡t Nam.

HÃ£y Ä‘á»c ná»™i dung vÄƒn báº£n bÃªn dÆ°á»›i vÃ  tráº£ vá» duy nháº¥t 1 object JSON chá»©a:
- tags
- meta_description

=========================
YÃŠU Cáº¦U
=========================

2. Tags SEO:
   - Táº¡o danh sÃ¡ch tá»« khÃ³a SEO.
   - Chá»‰ dÃ¹ng chá»¯ thÆ°á»ng, khÃ´ng viáº¿t táº¯t.
   - KhÃ´ng mÃ´ táº£ dÃ i dÃ²ng.
   - CÃ¡c tags phÃ¢n cÃ¡ch báº±ng dáº¥u pháº©y.
   - Chá»‰ in Ä‘Ãºng 1 dÃ²ng.

3. Meta Description:
   - Viáº¿t Ä‘oáº¡n mÃ´ táº£ 150â€“160 kÃ½ tá»±.
   - Ngáº¯n gá»n, xÃºc tÃ­ch, liÃªn quan Ä‘áº¿n phÃ¡p luáº­t Viá»‡t Nam.
   - KhÃ´ng thÃªm tiÃªu Ä‘á» hoáº·c nhÃ£n.
   - Chá»‰ in Ä‘Ãºng 1 dÃ²ng.

=========================
Äá»ŠNH Dáº NG TRáº¢ Vá»€
=========================

{
  ""tags"": ""tag1, tag2, tag3"",
  ""meta_description"": ""Äoáº¡n mÃ´ táº£ 150â€“160 kÃ½ tá»±""
}

KhÃ´ng giáº£i thÃ­ch thÃªm, khÃ´ng thÃªm text ngoÃ i JSON.

=========================
Ná»˜I DUNG Gá»C:
=========================


(PLO)- Chiáº¿n sÄ© Nguyá»…n Mai Thi, thuá»™c PhÃ²ng Cáº£nh sÃ¡t PCCC vÃ  CNCH (PC07), CÃ´ng an TP.HCM, Ä‘Ã£ dÅ©ng cáº£m lao ra cá»©u ná»¯ sinh VÃµ Thu TrÃ¢m khá»i mÅ©i xe container máº¥t lÃ¡i trong lÃºc Ä‘Æ¡n vá»‹ Ä‘ang há»— trá»£ kháº¯c phá»¥c háº­u quáº£ bÃ£o lÅ© táº¡i Äáº¯k Láº¯k. Nhá»¯ng ngÃ y qua, máº¡ng xÃ£ há»™i lan truyá»n bá»©c thÆ° cáº£m Æ¡n xÃºc Ä‘á»™ng cá»§a em VÃµ Thu TrÃ¢m (há»c sinh lá»›p 12A2 TrÆ°á»ng THPT Nguyá»…n Khuyáº¿n, xÃ£ XuÃ¢n ÄÃ i, Äáº¯k Láº¯k) gá»­i Ä‘áº¿n chiáº¿n sÄ© Nguyá»…n Mai Thi, ngÆ°á»i Ä‘Ã£ ká»‹p thá»i kÃ©o em ra khá»i mÅ©i xe container máº¥t lÃ¡i Ä‘ang lao tá»›i táº¡i dá»‘c QuÃ½t, xÃ£ XuÃ¢n Thá», trÆ°a 25-11. VIDEO: Chiáº¿n sÄ© Cáº£nh sÃ¡t PCCC vÃ  CNCH (PC07), CÃ´ng an TP.HCM cá»©u ná»¯ sinh trÆ°á»›c mÅ©i xe container máº¥t lÃ¡i. Chá»‰ cÃ³ vÃ i giÃ¢y Ä‘á»ƒ quyáº¿t Ä‘á»‹nh Trao Ä‘á»•i vá»›i phÃ³ng viÃªn PLO, chiáº¿n sÄ© Nguyá»…n Mai Thi (21 tuá»•i, ngá»¥ TP.HCM), thuá»™c Äá»™i Cáº£nh sÃ¡t PCCC vÃ  CNCH khu vá»±c 19 (PC07), CÃ´ng an TP.HCM, báº£o trong khoáº£nh kháº¯c sinh tá»­ áº¥y anh chá»‰ cÃ³ vÃ i giÃ¢y Ä‘á»ƒ quyáº¿t Ä‘á»‹nh. â€œLÃºc phÃ¡t hiá»‡n em TrÃ¢m vÃ  chiáº¿c container Ä‘ang lao xuá»‘ng ráº¥t nhanh, trong Ä‘áº§u em chá»‰ ká»‹p nghÄ© pháº£i lao tá»›i ngay. Báº£n nÄƒng vÃ  trÃ¡ch nhiá»‡m cá»§a má»™t chiáº¿n sÄ© khiáº¿n em pháº£i pháº£n xáº¡ láº­p tá»©c, kÃ©o náº¡n nhÃ¢n ra khá»i vÃ¹ng nguy hiá»ƒm â€- chiáº¿n sÄ© Thi ká»ƒ láº¡i. Chiáº¿n sÄ© Nguyá»…n Mai Thi (21 tuá»•i, ngá»¥ TP.HCM), thuá»™c Äá»™i Cáº£nh sÃ¡t PCCC vÃ  CNCH khu vá»±c 19 (PC07), CÃ´ng an TP.HCM. Thá»i Ä‘iá»ƒm Ä‘Ã³, cÃ¡c phÆ°Æ¡ng tiá»‡n chuyÃªn dá»¥ng vÃ  cÃ¡n bá»™, chiáº¿n sÄ© thuá»™c PC07 Ä‘ang há»— trá»£ ngÆ°á»i dÃ¢n kháº¯c phá»¥c háº­u quáº£ sau lÅ© gÃ¢y ra. LÃºc nÃ y, chiáº¿n sÄ© Thi Ä‘Æ°á»£c phÃ¢n cÃ´ng Ä‘á»©ng phÃ­a trÆ°á»›c Ä‘á»ƒ ra tÃ­n hiá»‡u cáº£nh bÃ¡o cÃ¡c phÆ°Æ¡ng tiá»‡n cÃ¹ng chiá»u nháº­n biáº¿t khu vá»±c cÃ³ váº­t cáº£n, giÃºp ngÆ°á»i dÃ¢n di chuyá»ƒn an toÃ n. Tuy nhiÃªn, diá»…n biáº¿n sá»± cá»‘ quÃ¡ nhanh khiáº¿n tÃ¬nh huá»‘ng trá»Ÿ nÃªn nguy hiá»ƒm ngoÃ i dá»± Ä‘oÃ¡n. Sau khi kÃ©o Ä‘Æ°á»£c ná»¯ sinh TrÃ¢m ra khá»i Ä‘áº§u xe container , anh Thi láº­p tá»©c cháº¡y láº¡i vá»‹ trÃ­ Ä‘á»“ng Ä‘á»™i thÃ¬ nháº­n ra Trung tÃ¡ Nguyá»…n Quang Minh, PhÃ³ Äá»™i trÆ°á»Ÿng Äá»™i PCCC vÃ  CNCH khu vá»±c 19, Ä‘Ã£ bá»‹ chiáº¿c container tÃ´ng trÃºng cá»™t Ä‘iá»‡n khiáº¿n cá»™t Ä‘Ã¨n Ä‘á»• Ä‘Ã¨ lÃªn ngÆ°á»i. â€œBiáº¿t em TrÃ¢m Ä‘Ã£ an toÃ n, em cháº¡y Ä‘áº¿n chá»— anh Minh ngay. Khi Ä‘Ã³ má»i ngÆ°á»i cá»‘ gáº¯ng tÃ¬m phÆ°Æ¡ng tiá»‡n Ä‘Æ°a anh Ä‘i cáº¥p cá»©u, rá»“i láº¡i quay vá» há»— trá»£ ngÆ°á»i dÃ¢n hoÃ n thÃ nh nhiá»‡m vá»¥â€- anh Thi nÃ³i. Äá»™i cÃ´ng tÃ¡c Ä‘ang trong hÃ nh trÃ¬nh 12 ngÃ y há»— trá»£ ngÆ°á»i dÃ¢n Äáº¯k Láº¯k kháº¯c phá»¥c háº­u quáº£ bÃ£o lÅ©, vá»›i chiáº¿n sÄ© Mai Thi, khoáº£nh kháº¯c ngÃ y 25-11 lÃ  Ä‘iá»u khÃ³ quÃªn trong cuá»™c Ä‘á»i anh. ""Cháº­m pháº£n xáº¡ má»™t chÃºt, ngÆ°á»i Ã¢n háº­n suá»‘t Ä‘á»i sáº½ lÃ  em"" Anh Thi chia sáº» báº£n thÃ¢n má»›i vÃ o ngÃ nh Ä‘Æ°á»£c gáº§n hai nÄƒm, nhÆ°ng luÃ´n tÃ¢m niá»‡m: LÃ m viá»‡c gÃ¬ cÅ©ng pháº£i Ä‘áº·t an toÃ n cá»§a ngÆ°á»i dÃ¢n lÃªn trÆ°á»›c. Äáº·c biá»‡t khi thiÃªn tai vá»«a xáº£y ra, em cÃ ng pháº£i lÃ m tá»‘t hÆ¡n nhiá»‡m vá»¥ cá»§a mÃ¬nh. â€œNáº¿u lÃºc Ä‘Ã³, em cháº­m pháº£n xáº¡ má»™t chÃºt, ngÆ°á»i Ã¢n háº­n suá»‘t Ä‘á»i sáº½ lÃ  em. ÄÃ¢y lÃ  trÃ¡ch nhiá»‡m, lÃ  tinh tháº§n cá»§a ngÆ°á»i chiáº¿n sÄ© cÃ´ng an nhÃ¢n dÃ¢n, nháº¥t lÃ  khi Ä‘ang khoÃ¡c trÃªn mÃ¬nh trang phá»¥c Cáº£nh sÃ¡t PCCC vÃ  CNCHâ€- anh Thi tÃ¢m sá»±. HÃ¬nh áº£nh chiáº¿n sÄ© Nguyá»…n Mai Thi trong má»™t láº§n cÃ´ng tÃ¡c chá»¯a chÃ¡y. Sau sá»± viá»‡c, khi Ä‘á»c Ä‘Æ°á»£c bá»©c tÃ¢m thÆ° TrÃ¢m gá»­i vá» Ä‘Æ¡n vá»‹, anh Thi cho biáº¿t ráº¥t xÃºc Ä‘á»™ng vÃ  vui vÃ¬ â€œÄ‘Ã£ gÃ³p Ä‘Æ°á»£c má»™t pháº§n nhá» cho xÃ£ há»™iâ€. Trong tÃ¢m thÆ°, ná»¯ sinh ká»ƒ láº¡i thá»i Ä‘iá»ƒm khoáº£ng 13 giá» 5 phÃºt ngÃ y 25-11, khi Ä‘ang lÃ¡i xe mÃ¡y xuá»‘ng dá»‘c thÃ¬ tháº¥y xe chá»¯a chÃ¡y báº­t tÃ­n hiá»‡u kháº©n cáº¥p vÃ  má»™t chiáº¿n sÄ© Ä‘ang Ä‘iá»u tiáº¿t giao thÃ´ng. Khi cÃ²n cÃ¡ch khoáº£ng 3 m, chiáº¿n sÄ© báº¥t ngá» lao tá»›i kÃ©o em ra khá»i lÃ n xe. Ngay láº­p tá»©c, chiáº¿c container phÃ­a sau lao tá»›i, tÃ´ng vÃ o lá» Ä‘Æ°á»ng vÃ  Ä‘Ã¢m gÃ£y trá»¥ Ä‘Ã¨n chiáº¿u sÃ¡ng. CÃº tÃ´ng khiáº¿n Trung tÃ¡ Nguyá»…n Quang Minh bá»‹ Ä‘a cháº¥n thÆ°Æ¡ng vÃ  pháº£i nháº­p viá»‡n cáº¥p cá»©u. Chiáº¿c container chá»‰ dá»«ng láº¡i sau khi tiáº¿p tá»¥c lao thÃªm gáº§n 100 m. â€œNhá» anh chiáº¿n sÄ© ká»‹p thá»i báº¿ vÃ  kÃ©o chÃ¡u ra khá»i vÃ¹ng nguy hiá»ƒm mÃ  chÃ¡u thoÃ¡t náº¡n. Náº¿u khÃ´ng cÃ³ anh, chÃ¡u khÃ´ng biáº¿t giá» mÃ¬nh cÃ²n cÃ³ máº·t trÃªn cuá»™c Ä‘á»i nÃ y hay khÃ´ngâ€ â€“ Thu TrÃ¢m viáº¿t trong thÆ° cáº£m Æ¡n. Sau sá»± viá»‡c, TrÃ¢m má»›i biáº¿t ngÆ°á»i cá»©u mÃ¬nh lÃ  chiáº¿n sÄ© Nguyá»…n Mai Thi, thÃ nh viÃªn Ä‘oÃ n cÃ´ng tÃ¡c cá»§a Äá»™i PCCC vÃ  CNCH khu vá»±c 19, CÃ´ng an TP.HCM , Ä‘Æ°á»£c Ä‘iá»u Ä‘á»™ng Ä‘áº¿n há»— trá»£ ngÆ°á»i dÃ¢n vÃ¹ng lÅ© dá»n dáº¹p, kháº¯c phá»¥c háº­u quáº£ vÃ  trao quÃ  cá»©u trá»£ táº¡i cÃ¡c xÃ£, phÆ°á»ng phÃ­a ÄÃ´ng Äáº¯k Láº¯k. Chiáº¿n sÄ© Nguyá»…n Mai Thi (21 tuá»•i, ngá»¥ TP.HCM), thuá»™c Äá»™i Cáº£nh sÃ¡t PCCC vÃ  CNCH khu vá»±c 19 (PC07), CÃ´ng an TP.HCM. HÃ nh Ä‘á»™ng quáº£ cáº£m giá»¯a tÃ¢m Ä‘iá»ƒm vÃ¹ng thiÃªn tai. Video: ThÃ³t tim cáº£nh chiáº¿n sÄ© Cáº£nh sÃ¡t PCCC CÃ´ng an TP.HCM cá»©u ná»¯ sinh trÆ°á»›c Ä‘áº§u xe container (PLO)- Chiáº¿n sÄ© Cáº£nh sÃ¡t PCCC Nguyá»…n Mai Thi, PhÃ²ng Cáº£nh sÃ¡t PCCC vÃ  CNCH (PC07), CÃ´ng an TP.HCM, ngÆ°á»i Ä‘Ã£ dÅ©ng cáº£m cá»©u ná»¯ sinh VÃµ Thu TrÃ¢m trÆ°á»›c mÅ©i xe container lao tá»›i khi Ä‘ang há»— trá»£ kháº¯c phá»¥c háº­u quáº£ bÃ£o lÅ© táº¡i Äáº¯k Láº¯k. Chiáº¿n sÄ© Cáº£nh sÃ¡t PCCC CÃ´ng an TP.HCM cá»©u ná»¯ sinh trÆ°á»›c mÅ©i xe container (PLO)- Chiáº¿n sÄ© Nguyá»…n Mai Thi, PhÃ²ng Cáº£nh sÃ¡t PCCC vÃ  CNCH (PC07), CÃ´ng an TP.HCM â€“ ngÆ°á»i Ä‘Ã£ dÅ©ng cáº£m cá»©u ná»¯ sinh VÃµ Thu TrÃ¢m trÆ°á»›c mÅ©i xe container lao tá»›i khi Ä‘ang há»— trá»£ kháº¯c phá»¥c háº­u quáº£ bÃ£o lÅ© táº¡i Äáº¯k Láº¯k. NGUYá»„N TÃ‚N - PHáº M Háº¢I Tin liÃªn quan Video: ThÃ³t tim cáº£nh chiáº¿n sÄ© Cáº£nh sÃ¡t PCCC CÃ´ng an TP.HCM cá»©u ná»¯ sinh trÆ°á»›c Ä‘áº§u xe container Chiáº¿n sÄ© Cáº£nh sÃ¡t PCCC CÃ´ng an TP.HCM cá»©u ná»¯ sinh trÆ°á»›c mÅ©i xe container TP.HCM siáº¿t cháº·t PCCC, xá»­ lÃ½ â€˜chuá»“ng cá»pâ€™ sau nhiá»u vá»¥ chÃ¡y Tá»ª KHÃ“A #chiáº¿n sÄ© #ná»¯ sinh #cá»©u #xe container máº¥t lÃ¡i #chiáº¿n sÄ© Nguyá»…n Mai Thi #PC07 BÃŒNH LUáº¬N ÄÄƒng nháº­p báº±ng: hoáº·c ÄÄƒng kÃ½ Gá»­i bÃ¬nh luáº­n"|"Báº¡n lÃ  má»™t há»‡ thá»‘ng phÃ¢n tÃ­ch ná»™i dung bÃ¡o chÃ­ vÃ  táº¡o áº£nh minh há»a cháº¥t lÆ°á»£ng cao.

HÃ£y Ä‘á»c ná»™i dung bÃªn dÆ°á»›i vÃ  táº¡o ra mÃ´ táº£ áº£nh (image prompt) chi tiáº¿t, rÃµ rÃ ng, phÃ¹ há»£p vá»›i má»™t bÃ i bÃ¡o Viá»‡t Nam.  

=========================
YÃŠU Cáº¦U Táº O HÃŒNH
=========================

- Pháº£i dá»±a hoÃ n toÃ n vÃ o ná»™i dung bÃ i viáº¿t.
- MÃ´ táº£ hÃ¬nh áº£nh rÃµ rÃ ng, giÃ u chi tiáº¿t.
- Phong cÃ¡ch bÃ¡o chÃ­ â€“ thá»±c táº¿ â€“ hiá»‡n Ä‘áº¡i.
- KhÃ´ng thÃªm nhÃ¢n váº­t hÆ° cáº¥u.
- KhÃ´ng thÃªm thÃ´ng tin khÃ´ng cÃ³ trong bÃ i.
- Náº¿u bÃ i viáº¿t nÃ³i vá»:
  + kinh táº¿ â†’ táº¡o hÃ¬nh Ä‘á»“ há»a, giÃ¡ cáº£, xu hÆ°á»›ng  
  + phÃ¡p luáº­t â†’ hÃ¬nh áº£nh tÃ²a Ã¡n, vÄƒn báº£n, cÆ¡ quan chá»©c nÄƒng  
  + tai náº¡n â†’ hiá»‡n trÆ°á»ng mÃ´ phá»ng phÃ¹ há»£p  
  + nÃ´ng nghiá»‡p â†’ cÃ¢y trá»“ng, mÃ¹a vá»¥, nÃ´ng dÃ¢n  
  + xÃ£ há»™i â†’ Ä‘á»i sá»‘ng, con ngÆ°á»i, tÃ¬nh huá»‘ng thá»±c táº¿  
- KhÃ´ng dÃ¹ng tÃªn tháº­t cá»§a náº¡n nhÃ¢n hoáº·c thÃ´ng tin riÃªng tÆ°.
- KhÃ´ng táº¡o cáº£nh nháº¡y cáº£m, giáº­t gÃ¢n.

=========================
Äá»ŠNH Dáº NG TRáº¢ Vá»€
=========================

Chá»‰ tráº£ vá» duy nháº¥t mÃ´ táº£ áº£nh báº±ng tiáº¿ng Viá»‡t, khÃ´ng JSON.

=========================
Ná»˜I DUNG Gá»C:
=========================


(PLO)- Chiáº¿n sÄ© Nguyá»…n Mai Thi, thuá»™c PhÃ²ng Cáº£nh sÃ¡t PCCC vÃ  CNCH (PC07), CÃ´ng an TP.HCM, Ä‘Ã£ dÅ©ng cáº£m lao ra cá»©u ná»¯ sinh VÃµ Thu TrÃ¢m khá»i mÅ©i xe container máº¥t lÃ¡i trong lÃºc Ä‘Æ¡n vá»‹ Ä‘ang há»— trá»£ kháº¯c phá»¥c háº­u quáº£ bÃ£o lÅ© táº¡i Äáº¯k Láº¯k. Nhá»¯ng ngÃ y qua, máº¡ng xÃ£ há»™i lan truyá»n bá»©c thÆ° cáº£m Æ¡n xÃºc Ä‘á»™ng cá»§a em VÃµ Thu TrÃ¢m (há»c sinh lá»›p 12A2 TrÆ°á»ng THPT Nguyá»…n Khuyáº¿n, xÃ£ XuÃ¢n ÄÃ i, Äáº¯k Láº¯k) gá»­i Ä‘áº¿n chiáº¿n sÄ© Nguyá»…n Mai Thi, ngÆ°á»i Ä‘Ã£ ká»‹p thá»i kÃ©o em ra khá»i mÅ©i xe container máº¥t lÃ¡i Ä‘ang lao tá»›i táº¡i dá»‘c QuÃ½t, xÃ£ XuÃ¢n Thá», trÆ°a 25-11. VIDEO: Chiáº¿n sÄ© Cáº£nh sÃ¡t PCCC vÃ  CNCH (PC07), CÃ´ng an TP.HCM cá»©u ná»¯ sinh trÆ°á»›c mÅ©i xe container máº¥t lÃ¡i. Chá»‰ cÃ³ vÃ i giÃ¢y Ä‘á»ƒ quyáº¿t Ä‘á»‹nh Trao Ä‘á»•i vá»›i phÃ³ng viÃªn PLO, chiáº¿n sÄ© Nguyá»…n Mai Thi (21 tuá»•i, ngá»¥ TP.HCM), thuá»™c Äá»™i Cáº£nh sÃ¡t PCCC vÃ  CNCH khu vá»±c 19 (PC07), CÃ´ng an TP.HCM, báº£o trong khoáº£nh kháº¯c sinh tá»­ áº¥y anh chá»‰ cÃ³ vÃ i giÃ¢y Ä‘á»ƒ quyáº¿t Ä‘á»‹nh. â€œLÃºc phÃ¡t hiá»‡n em TrÃ¢m vÃ  chiáº¿c container Ä‘ang lao xuá»‘ng ráº¥t nhanh, trong Ä‘áº§u em chá»‰ ká»‹p nghÄ© pháº£i lao tá»›i ngay. Báº£n nÄƒng vÃ  trÃ¡ch nhiá»‡m cá»§a má»™t chiáº¿n sÄ© khiáº¿n em pháº£i pháº£n xáº¡ láº­p tá»©c, kÃ©o náº¡n nhÃ¢n ra khá»i vÃ¹ng nguy hiá»ƒm â€- chiáº¿n sÄ© Thi ká»ƒ láº¡i. Chiáº¿n sÄ© Nguyá»…n Mai Thi (21 tuá»•i, ngá»¥ TP.HCM), thuá»™c Äá»™i Cáº£nh sÃ¡t PCCC vÃ  CNCH khu vá»±c 19 (PC07), CÃ´ng an TP.HCM. Thá»i Ä‘iá»ƒm Ä‘Ã³, cÃ¡c phÆ°Æ¡ng tiá»‡n chuyÃªn dá»¥ng vÃ  cÃ¡n bá»™, chiáº¿n sÄ© thuá»™c PC07 Ä‘ang há»— trá»£ ngÆ°á»i dÃ¢n kháº¯c phá»¥c háº­u quáº£ sau lÅ© gÃ¢y ra. LÃºc nÃ y, chiáº¿n sÄ© Thi Ä‘Æ°á»£c phÃ¢n cÃ´ng Ä‘á»©ng phÃ­a trÆ°á»›c Ä‘á»ƒ ra tÃ­n hiá»‡u cáº£nh bÃ¡o cÃ¡c phÆ°Æ¡ng tiá»‡n cÃ¹ng chiá»u nháº­n biáº¿t khu vá»±c cÃ³ váº­t cáº£n, giÃºp ngÆ°á»i dÃ¢n di chuyá»ƒn an toÃ n. Tuy nhiÃªn, diá»…n biáº¿n sá»± cá»‘ quÃ¡ nhanh khiáº¿n tÃ¬nh huá»‘ng trá»Ÿ nÃªn nguy hiá»ƒm ngoÃ i dá»± Ä‘oÃ¡n. Sau khi kÃ©o Ä‘Æ°á»£c ná»¯ sinh TrÃ¢m ra khá»i Ä‘áº§u xe container , anh Thi láº­p tá»©c cháº¡y láº¡i vá»‹ trÃ­ Ä‘á»“ng Ä‘á»™i thÃ¬ nháº­n ra Trung tÃ¡ Nguyá»…n Quang Minh, PhÃ³ Äá»™i trÆ°á»Ÿng Äá»™i PCCC vÃ  CNCH khu vá»±c 19, Ä‘Ã£ bá»‹ chiáº¿c container tÃ´ng trÃºng cá»™t Ä‘iá»‡n khiáº¿n cá»™t Ä‘Ã¨n Ä‘á»• Ä‘Ã¨ lÃªn ngÆ°á»i. â€œBiáº¿t em TrÃ¢m Ä‘Ã£ an toÃ n, em cháº¡y Ä‘áº¿n chá»— anh Minh ngay. Khi Ä‘Ã³ má»i ngÆ°á»i cá»‘ gáº¯ng tÃ¬m phÆ°Æ¡ng tiá»‡n Ä‘Æ°a anh Ä‘i cáº¥p cá»©u, rá»“i láº¡i quay vá» há»— trá»£ ngÆ°á»i dÃ¢n hoÃ n thÃ nh nhiá»‡m vá»¥â€- anh Thi nÃ³i. Äá»™i cÃ´ng tÃ¡c Ä‘ang trong hÃ nh trÃ¬nh 12 ngÃ y há»— trá»£ ngÆ°á»i dÃ¢n Äáº¯k Láº¯k kháº¯c phá»¥c háº­u quáº£ bÃ£o lÅ©, vá»›i chiáº¿n sÄ© Mai Thi, khoáº£nh kháº¯c ngÃ y 25-11 lÃ  Ä‘iá»u khÃ³ quÃªn trong cuá»™c Ä‘á»i anh. ""Cháº­m pháº£n xáº¡ má»™t chÃºt, ngÆ°á»i Ã¢n háº­n suá»‘t Ä‘á»i sáº½ lÃ  em"" Anh Thi chia sáº» báº£n thÃ¢n má»›i vÃ o ngÃ nh Ä‘Æ°á»£c gáº§n hai nÄƒm, nhÆ°ng luÃ´n tÃ¢m niá»‡m: LÃ m viá»‡c gÃ¬ cÅ©ng pháº£i Ä‘áº·t an toÃ n cá»§a ngÆ°á»i dÃ¢n lÃªn trÆ°á»›c. Äáº·c biá»‡t khi thiÃªn tai vá»«a xáº£y ra, em cÃ ng pháº£i lÃ m tá»‘t hÆ¡n nhiá»‡m vá»¥ cá»§a mÃ¬nh. â€œNáº¿u lÃºc Ä‘Ã³, em cháº­m pháº£n xáº¡ má»™t chÃºt, ngÆ°á»i Ã¢n háº­n suá»‘t Ä‘á»i sáº½ lÃ  em. ÄÃ¢y lÃ  trÃ¡ch nhiá»‡m, lÃ  tinh tháº§n cá»§a ngÆ°á»i chiáº¿n sÄ© cÃ´ng an nhÃ¢n dÃ¢n, nháº¥t lÃ  khi Ä‘ang khoÃ¡c trÃªn mÃ¬nh trang phá»¥c Cáº£nh sÃ¡t PCCC vÃ  CNCHâ€- anh Thi tÃ¢m sá»±. HÃ¬nh áº£nh chiáº¿n sÄ© Nguyá»…n Mai Thi trong má»™t láº§n cÃ´ng tÃ¡c chá»¯a chÃ¡y. Sau sá»± viá»‡c, khi Ä‘á»c Ä‘Æ°á»£c bá»©c tÃ¢m thÆ° TrÃ¢m gá»­i vá» Ä‘Æ¡n vá»‹, anh Thi cho biáº¿t ráº¥t xÃºc Ä‘á»™ng vÃ  vui vÃ¬ â€œÄ‘Ã£ gÃ³p Ä‘Æ°á»£c má»™t pháº§n nhá» cho xÃ£ há»™iâ€. Trong tÃ¢m thÆ°, ná»¯ sinh ká»ƒ láº¡i thá»i Ä‘iá»ƒm khoáº£ng 13 giá» 5 phÃºt ngÃ y 25-11, khi Ä‘ang lÃ¡i xe mÃ¡y xuá»‘ng dá»‘c thÃ¬ tháº¥y xe chá»¯a chÃ¡y báº­t tÃ­n hiá»‡u kháº©n cáº¥p vÃ  má»™t chiáº¿n sÄ© Ä‘ang Ä‘iá»u tiáº¿t giao thÃ´ng. Khi cÃ²n cÃ¡ch khoáº£ng 3 m, chiáº¿n sÄ© báº¥t ngá» lao tá»›i kÃ©o em ra khá»i lÃ n xe. Ngay láº­p tá»©c, chiáº¿c container phÃ­a sau lao tá»›i, tÃ´ng vÃ o lá» Ä‘Æ°á»ng vÃ  Ä‘Ã¢m gÃ£y trá»¥ Ä‘Ã¨n chiáº¿u sÃ¡ng. CÃº tÃ´ng khiáº¿n Trung tÃ¡ Nguyá»…n Quang Minh bá»‹ Ä‘a cháº¥n thÆ°Æ¡ng vÃ  pháº£i nháº­p viá»‡n cáº¥p cá»©u. Chiáº¿c container chá»‰ dá»«ng láº¡i sau khi tiáº¿p tá»¥c lao thÃªm gáº§n 100 m. â€œNhá» anh chiáº¿n sÄ© ká»‹p thá»i báº¿ vÃ  kÃ©o chÃ¡u ra khá»i vÃ¹ng nguy hiá»ƒm mÃ  chÃ¡u thoÃ¡t náº¡n. Náº¿u khÃ´ng cÃ³ anh, chÃ¡u khÃ´ng biáº¿t giá» mÃ¬nh cÃ²n cÃ³ máº·t trÃªn cuá»™c Ä‘á»i nÃ y hay khÃ´ngâ€ â€“ Thu TrÃ¢m viáº¿t trong thÆ° cáº£m Æ¡n. Sau sá»± viá»‡c, TrÃ¢m má»›i biáº¿t ngÆ°á»i cá»©u mÃ¬nh lÃ  chiáº¿n sÄ© Nguyá»…n Mai Thi, thÃ nh viÃªn Ä‘oÃ n cÃ´ng tÃ¡c cá»§a Äá»™i PCCC vÃ  CNCH khu vá»±c 19, CÃ´ng an TP.HCM , Ä‘Æ°á»£c Ä‘iá»u Ä‘á»™ng Ä‘áº¿n há»— trá»£ ngÆ°á»i dÃ¢n vÃ¹ng lÅ© dá»n dáº¹p, kháº¯c phá»¥c háº­u quáº£ vÃ  trao quÃ  cá»©u trá»£ táº¡i cÃ¡c xÃ£, phÆ°á»ng phÃ­a ÄÃ´ng Äáº¯k Láº¯k. Chiáº¿n sÄ© Nguyá»…n Mai Thi (21 tuá»•i, ngá»¥ TP.HCM), thuá»™c Äá»™i Cáº£nh sÃ¡t PCCC vÃ  CNCH khu vá»±c 19 (PC07), CÃ´ng an TP.HCM. HÃ nh Ä‘á»™ng quáº£ cáº£m giá»¯a tÃ¢m Ä‘iá»ƒm vÃ¹ng thiÃªn tai. Video: ThÃ³t tim cáº£nh chiáº¿n sÄ© Cáº£nh sÃ¡t PCCC CÃ´ng an TP.HCM cá»©u ná»¯ sinh trÆ°á»›c Ä‘áº§u xe container (PLO)- Chiáº¿n sÄ© Cáº£nh sÃ¡t PCCC Nguyá»…n Mai Thi, PhÃ²ng Cáº£nh sÃ¡t PCCC vÃ  CNCH (PC07), CÃ´ng an TP.HCM, ngÆ°á»i Ä‘Ã£ dÅ©ng cáº£m cá»©u ná»¯ sinh VÃµ Thu TrÃ¢m trÆ°á»›c mÅ©i xe container lao tá»›i khi Ä‘ang há»— trá»£ kháº¯c phá»¥c háº­u quáº£ bÃ£o lÅ© táº¡i Äáº¯k Láº¯k. Chiáº¿n sÄ© Cáº£nh sÃ¡t PCCC CÃ´ng an TP.HCM cá»©u ná»¯ sinh trÆ°á»›c mÅ©i xe container (PLO)- Chiáº¿n sÄ© Nguyá»…n Mai Thi, PhÃ²ng Cáº£nh sÃ¡t PCCC vÃ  CNCH (PC07), CÃ´ng an TP.HCM â€“ ngÆ°á»i Ä‘Ã£ dÅ©ng cáº£m cá»©u ná»¯ sinh VÃµ Thu TrÃ¢m trÆ°á»›c mÅ©i xe container lao tá»›i khi Ä‘ang há»— trá»£ kháº¯c phá»¥c háº­u quáº£ bÃ£o lÅ© táº¡i Äáº¯k Láº¯k. NGUYá»„N TÃ‚N - PHáº M Háº¢I Tin liÃªn quan Video: ThÃ³t tim cáº£nh chiáº¿n sÄ© Cáº£nh sÃ¡t PCCC CÃ´ng an TP.HCM cá»©u ná»¯ sinh trÆ°á»›c Ä‘áº§u xe container Chiáº¿n sÄ© Cáº£nh sÃ¡t PCCC CÃ´ng an TP.HCM cá»©u ná»¯ sinh trÆ°á»›c mÅ©i xe container TP.HCM siáº¿t cháº·t PCCC, xá»­ lÃ½ â€˜chuá»“ng cá»pâ€™ sau nhiá»u vá»¥ chÃ¡y Tá»ª KHÃ“A #chiáº¿n sÄ© #ná»¯ sinh #cá»©u #xe container máº¥t lÃ¡i #chiáº¿n sÄ© Nguyá»…n Mai Thi #PC07 BÃŒNH LUáº¬N ÄÄƒng nháº­p báº±ng: hoáº·c ÄÄƒng kÃ½ Gá»­i bÃ¬nh luáº­n"
